d,y,U_hat,in_genesis_segment
1.0,0.01,0.18749687507770962,1
1.0,0.010050602309159168,0.18749684337283062,1
1.0,0.01010146067768756,0.1874968113462879,1
1.0,0.010152576401304713,0.18749677899481823,1
1.0,0.010203950782286803,0.1874967463151252,1
1.0,0.010255585129499829,0.18749671330387893,1
1.0,0.01030748075843294,0.18749667995771582,1
1.0,0.010359638991231981,0.1874966462732382,1
1.0,0.010412061156733151,0.1874966122470138,1
1.0,0.010464748590496868,0.18749657787557572,1
1.0,0.010517702634841797,0.1874965431554216,1
1.0,0.010570924638879044,0.18749650808301388,1
1.0,0.010624415958546525,0.18749647265477884,1
1.0,0.010678177956643529,0.18749643686710676,1
1.0,0.010732212002865397,0.1874964007163511,1
1.0,0.01078651947383847,0.18749636419882845,1
1.0,0.010841101753155127,0.18749632731081792,1
1.0,0.010895960231409043,0.18749629004856108,1
1.0,0.010951096306230618,0.18749625240826112,1
1.0,0.011006511382322589,0.1874962143860829,1
1.0,0.011062206871495808,0.1874961759781523,1
1.0,0.011118184192705225,0.18749613718055597,1
1.0,0.011174444772086008,0.18749609798934075,1
1.0,0.011230990042989924,0.1874960584005135,1
1.0,0.011287821446021815,0.1874960184100405,1
1.0,0.011344940429076324,0.1874959780138471,1
1.0,0.01140234844737477,0.18749593720781746,1
1.0,0.011460046963502233,0.18749589598779381,1
1.0,0.011518037447444805,0.18749585434957625,1
1.0,0.011576321376627058,0.1874958122889224,1
1.0,0.011634900235949656,0.18749576980154672,1
1.0,0.011693775517827215,0.18749572688312025,1
1.0,0.011752948722226316,0.18749568352927007,1
1.0,0.01181242135670371,0.18749563973557892,1
1.0,0.011872194936444739,0.18749559549758485,1
1.0,0.011932270984301928,0.1874955508107805,1
1.0,0.01199265103083379,0.1874955056706129,1
1.0,0.012053336614343822,0.18749546007248277,1
1.0,0.012114329280919676,0.18749541401174435,1
1.0,0.012175630584472583,0.18749536748370457,1
1.0,0.012237242086776914,0.1874953204836229,1
1.0,0.01229916535750998,0.18749527300671065,1
1.0,0.012361401974292027,0.18749522504813065,1
1.0,0.012423953522726414,0.1874951766029965,1
1.0,0.012486821596440028,0.18749512766637244,1
1.0,0.012550007797123877,0.18749507823327247,1
1.0,0.01261351373457388,0.18749502829866016,1
1.0,0.012677341026731914,0.18749497785744787,1
1.0,0.012741491299727003,0.1874949269044964,1
1.0,0.012805966187916766,0.18749487543461454,1
1.0,0.012870767333929048,0.18749482344255822,1
1.0,0.012935896388703768,0.18749477092303035,1
1.0,0.013001355011534984,0.18749471787068,1
1.0,0.013067144870113163,0.18749466428010209,1
1.0,0.01313326764056768,0.18749461014583657,1
1.0,0.01319972500750949,0.18749455546236815,1
1.0,0.01326651866407409,0.18749450022412548,1
1.0,0.013333650311964625,0.1874944444254808,1
1.0,0.013401121661495253,0.18749438806074917,1
1.0,0.013468934431634714,0.18749433112418806,1
1.0,0.013537090350050128,0.18749427360999674,1
1.0,0.013605591153151018,0.18749421551231557,1
1.0,0.013674438586133517,0.1874941568252255,1
1.0,0.013743634403024875,0.18749409754274737,1
1.0,0.01381318036672812,0.18749403765884162,1
1.0,0.013883078249066972,0.18749397716740707,1
1.0,0.013953329830830993,0.18749391606228102,1
1.0,0.014023936901820949,0.18749385433723803,1
1.0,0.01409490126089441,0.18749379198598962,1
1.0,0.014166224716011583,0.18749372900218347,1
1.0,0.014237909084281377,0.18749366537940293,1
1.0,0.01430995619200767,0.18749360111116617,1
1.0,0.014382367874735883,0.18749353619092565,1
1.0,0.01445514597729971,0.18749347061206753,1
1.0,0.014528292353868133,0.1874934043679107,1
1.0,0.014601808867992654,0.18749333745170646,1
1.0,0.014675697392654778,0.18749326985663756,1
1.0,0.014749959810313738,0.1874932015758177,1
1.0,0.014824598012954418,0.1874931326022906,1
1.0,0.014899613902135608,0.18749306292902965,1
1.0,0.01497500938903842,0.1874929925489367,1
1.0,0.015050786394514976,0.1874929214548419,1
1.0,0.015126946849137362,0.18749284963950244,1
1.0,0.015203492693246798,0.18749277709560228,1
1.0,0.01528042587700308,0.18749270381575098,1
1.0,0.015357748360434267,0.18749262979248327,1
1.0,0.015435462113486615,0.18749255501825818,1
1.0,0.015513569116074741,0.18749247948545814,1
1.0,0.015592071358132115,0.1874924031863885,1
1.0,0.015670970839661718,0.18749232611327643,1
1.0,0.015750269570787005,0.18749224825827038,1
1.0,0.015829969571803125,0.1874921696134391,1
1.0,0.015910072873228386,0.1874920901707709,1
1.0,0.015990581515855994,0.18749200992217302,1
1.0,0.016071497550806016,0.18749192885947036,1
1.0,0.016152823039577685,0.1874918469744051,1
1.0,0.016234560054101888,0.1874917642586356,1
1.0,0.016316710676793963,0.18749168070373573,1
1.0,0.016399277000606748,0.18749159630119372,1
1.0,0.0164822611290839,0.1874915110424117,1
1.0,0.016565665176413506,0.18749142491870452,1
1.0,0.01664949126748192,0.18749133792129885,1
1.0,0.016733741537927917,0.18749125004133257,1
1.0,0.01681841813419711,0.18749116126985363,1
1.0,0.016903523213596592,0.18749107159781914,1
1.0,0.01698905894434995,0.18749098101609457,1
1.0,0.017075027505652485,0.18749088951545276,1
1.0,0.017161431087726716,0.18749079708657299,1
1.0,0.017248271891878206,0.18749070372004004,1
1.0,0.01733555213055163,0.18749060940634307,1
1.0,0.01742327402738714,0.18749051413587503,1
1.0,0.017511439817277017,0.1874904178989313,1
1.0,0.017600051746422617,0.18749032068570887,1
1.0,0.017689112072391603,0.18749022248630545,1
1.0,0.017778623064175436,0.1874901232907181,1
1.0,0.017868587002247208,0.18749002308884274,1
1.0,0.01795900617861973,0.18748992187047256,1
1.0,0.018049882896903922,0.1874898196252975,1
1.0,0.018141219472367513,0.18748971634290276,1
1.0,0.01823301823199403,0.18748961201276806,1
1.0,0.01832528151454204,0.18748950662426644,1
1.0,0.018418011670604802,0.18748940016666318,1
1.0,0.018511211062670115,0.18748929262911462,1
1.0,0.0186048820651805,0.18748918400066727,1
1.0,0.018699027064593712,0.1874890742702566,1
1.0,0.018793648459443545,0.18748896342670576,1
1.0,0.018888748660400894,0.18748885145872463,1
1.0,0.018984330090335236,0.18748873835490873,1
1.0,0.01908039518437632,0.18748862410373782,1
1.0,0.01917694638997621,0.1874885086935749,1
1.0,0.019273986166971648,0.18748839211266496,1
1.0,0.019371516987646713,0.18748827434913384,1
1.0,0.01946954133679581,0.18748815539098704,1
1.0,0.019568061711786985,0.1874880352261083,1
1.0,0.019667080622625534,0.18748791384225869,1
1.0,0.019766600592017975,0.18748779122707507,1
1.0,0.01986662415543629,0.187487667368069,1
1.0,0.019967153861182533,0.1874875422526255,1
1.0,0.020068192270453755,0.18748741586800155,1
1.0,0.02016974195740727,0.18748728820132513,1
1.0,0.020271805509226207,0.18748715923959347,1
1.0,0.020374385526185444,0.1874870289696722,1
1.0,0.020477484621717865,0.18748689737829372,1
1.0,0.020581105422480896,0.1874867644520559,1
1.0,0.020685250568423477,0.18748663017742076,1
1.0,0.0207899227128533,0.18748649454071306,1
1.0,0.0208951245225044,0.18748635752811893,1
1.0,0.021000858677605108,0.18748621912568456,1
1.0,0.021107127871946324,0.18748607931931452,1
1.0,0.02121393481295016,0.18748593809477057,1
1.0,0.02132128222173889,0.18748579543767016,1
1.0,0.02142917283320432,0.1874856513334849,1
1.0,0.021537609396077437,0.18748550576753917,1
1.0,0.021646594672998412,0.18748535872500852,1
1.0,0.021756131440587037,0.18748521019091818,1
1.0,0.021866222489513445,0.18748506015014177,1
1.0,0.021976870624569197,0.18748490858739947,1
1.0,0.022088078664738747,0.18748475548725646,1
1.0,0.02219984944327127,0.1874846008341217,1
1.0,0.02231218580775281,0.18748444461224592,1
1.0,0.022425090620178882,0.18748428680572027,1
1.0,0.022538566757027347,0.1874841273984747,1
1.0,0.022652617109331714,0.18748396637427617,1
1.0,0.022767244582754777,0.1874838037167272,1
1.0,0.022882452097662674,0.18748363940926402,1
1.0,0.022998242589199254,0.187483473435155,1
1.0,0.023114619007360875,0.187483305777499,1
1.0,0.02323158431707156,0.18748313641922348,1
1.0,0.023349141498258546,0.1874829653430829,1
1.0,0.02346729354592815,0.18748279253165687,1
1.0,0.023586043470242152,0.1874826179673485,1
1.0,0.023705394296594427,0.18748244163238262,1
1.0,0.02382534906568805,0.18748226350880373,1
1.0,0.023945910833612756,0.1874820835784745,1
1.0,0.024067082671922806,0.18748190182307367,1
1.0,0.024188867667715195,0.18748171822409446,1
1.0,0.024311268923708388,0.1874815327628423,1
1.0,0.024434289558321304,0.1874813454204334,1
1.0,0.024557932705752784,0.18748115617779237,1
1.0,0.02468220151606144,0.18748096501565065,1
1.0,0.024807099155245902,0.1874807719145444,1
1.0,0.024932628805325492,0.18748057685481245,1
1.0,0.025058793664421278,0.18748037981659446,1
1.0,0.025185596946837564,0.18748018077982884,1
1.0,0.025313041883143785,0.1874799797242506,1
1.0,0.025441131720256766,0.18747977662938942,1
1.0,0.02556986972152352,0.1874795714745677,1
1.0,0.02569925916680434,0.18747936423889808,1
1.0,0.02582930335255636,0.18747915490128172,1
1.0,0.02596000559191756,0.1874789434404059,1
1.0,0.026091369214791167,0.18747872983474187,1
1.0,0.026223397567930455,0.18747851406254293,1
1.0,0.026356094015024076,0.18747829610184183,1
1.0,0.02648946193678171,0.18747807593044882,1
1.0,0.026623504731020212,0.18747785352594937,1
1.0,0.02675822581275018,0.18747762886570174,1
1.0,0.026893628614262942,0.18747740192683476,1
1.0,0.027029716585218022,0.18747717268624567,1
1.0,0.02716649319273101,0.1874769411205975,1
1.0,0.027303961921461912,0.1874767072063169,1
1.0,0.027442126273703907,0.18747647091959171,1
1.0,0.02758098976947261,0.1874762322363684,1
1.0,0.02772055594659568,0.18747599113234986,1
1.0,0.027860828360803048,0.18747574758299276,1
1.0,0.028001810585817435,0.1874755015635052,1
1.0,0.028143506213445437,0.18747525304884405,1
1.0,0.02828591885366901,0.18747500201371242,1
1.0,0.028429052134737474,0.1874747484325573,1
1.0,0.028572909703259885,0.1874744922795666,1
1.0,0.02871749522429802,0.18747423352866704,1
1.0,0.028862812381459706,0.18747397215352096,1
1.0,0.029008864876992675,0.18747370812752398,1
1.0,0.029155656431878885,0.18747344142380223,1
1.0,0.02930319078592933,0.18747317201520972,1
1.0,0.029451471697879296,0.18747289987432528,1
1.0,0.029600502945484154,0.18747262497345007,1
1.0,0.02975028832561558,0.18747234728460482,1
1.0,0.029900831654358313,0.18747206677952666,1
1.0,0.030052136767107322,0.18747178342966656,1
1.0,0.0302042075186656,0.1874714972061863,1
1.0,0.03035704778334232,0.18747120807995551,1
1.0,0.03051066145505155,0.18747091602154894,1
1.0,0.030665052447411474,0.1874706210012432,1
1.0,0.030820224693844094,0.18747032298901384,1
1.0,0.030976182147675387,0.18747002195453238,1
1.0,0.031132928782236124,0.1874697178671632,1
1.0,0.03129046859096303,0.18746941069596038,1
1.0,0.031448805587500545,0.18746910040966466,1
1.0,0.031607943805803076,0.18746878697670016,1
1.0,0.03176788730023776,0.18746847036517128,1
1.0,0.03192864014568778,0.18746815054285934,1
1.0,0.03209020643765618,0.18746782747721955,1
1.0,0.03225259029237016,0.18746750113537744,1
1.0,0.03241579584688601,0.18746717148412564,1
1.0,0.032579827259194484,0.18746683848992063,1
1.0,0.03274468870832669,0.18746650211887916,1
1.0,0.03291038439446064,0.18746616233677496,1
1.0,0.033076918539028194,0.18746581910903506,1
1.0,0.03324429538482266,0.1874654724007367,1
1.0,0.03341251919610681,0.18746512217660333,1
1.0,0.03358159425872161,0.1874647684010012,1
1.0,0.03375152488019537,0.18746441103793599,1
1.0,0.03392231538985348,0.1874640500510488,1
1.0,0.03409397013892869,0.1874636854036127,1
1.0,0.03426649350067204,0.18746331705852892,1
1.0,0.03443988987046421,0.1874629449783232,1
1.0,0.0346141636659275,0.18746256912514173,1
1.0,0.03478931932703843,0.1874621894607477,1
1.0,0.03496536131624081,0.18746180594651718,1
1.0,0.03514229411855946,0.18746141854343512,1
1.0,0.03532012224171445,0.1874610272120918,1
1.0,0.03549885021623594,0.1874606319126784,1
1.0,0.03567848259557963,0.1874602326049832,1
1.0,0.03585902395624278,0.18745982924838744,1
1.0,0.036040478897880784,0.18745942180186137,1
1.0,0.03622285204342429,0.18745901022395978,1
1.0,0.0364061480391971,0.18745859447281815,1
1.0,0.036590371555034494,0.1874581745061482,1
1.0,0.036775527284402164,0.18745775028123363,1
1.0,0.036961619944515835,0.1874573217549259,1
1.0,0.03714865427646145,0.18745688888363982,1
1.0,0.0373366350453159,0.18745645162334912,1
1.0,0.037525567040268513,0.18745600992958192,1
1.0,0.037715455074742985,0.18745556375741643,1
1.0,0.03790630398652007,0.1874551130614763,1
1.0,0.0380981186378608,0.187454657795926,1
1.0,0.03829090391563037,0.18745419791446616,1
1.0,0.03848466473142267,0.18745373337032903,1
1.0,0.038679406021685306,0.18745326411627364,1
1.0,0.038875132747845535,0.18745279010458107,1
1.0,0.039071849896436556,0.18745231128704964,1
1.0,0.039269562479224585,0.18745182761498996,1
1.0,0.03946827553333648,0.18745133903922012,1
1.0,0.039667994121388196,0.18745084551006058,1
1.0,0.03986872333161365,0.1874503469773293,1
1.0,0.04007046827799442,0.18744984339033663,1
1.0,0.040273234100389986,0.18744933469788005,1
1.0,0.040477025964668734,0.18744882084823933,1
1.0,0.04068184906283952,0.18744830178917088,1
1.0,0.040887708613183964,0.1874477774679028,1
1.0,0.041094609860389396,0.18744724783112945,1
1.0,0.04130255807568248,0.1874467128250059,1
1.0,0.04151155855696349,0.1874461723951429,1
1.0,0.04172161662894135,0.18744562648660099,1
1.0,0.04193273764326915,0.18744507504388505,1
1.0,0.04214492697868065,0.18744451801093887,1
1.0,0.042358190041127224,0.18744395533113942,1
1.0,0.04257253226391564,0.18744338694729085,1
1.0,0.04278795910784637,0.1874428128016193,1
1.0,0.04300447606135288,0.18744223283576647,1
1.0,0.043222088640641344,0.18744164699078414,1
1.0,0.043440802389831217,0.187441055207128,1
1.0,0.04366062288109647,0.18744045742465174,1
1.0,0.043881555714807584,0.18743985358260112,1
1.0,0.044103606519674175,0.1874392436196074,1
1.0,0.04432678095288846,0.18743862747368176,1
1.0,0.04455108470026934,0.18743800508220854,1
1.0,0.04477652347640727,0.18743737638193922,1
1.0,0.045003103024809865,0.1874367413089859,1
1.0,0.04523082911804822,0.18743609979881495,1
1.0,0.04545970755790392,0.18743545178624044,1
1.0,0.04568974417551696,0.18743479720541759,1
1.0,0.04592094483153424,0.18743413598983624,1
1.0,0.0461533154162589,0.18743346807231395,1
1.0,0.046386861849800315,0.18743279338498944,1
1.0,0.04662159008222504,0.18743211185931558,1
1.0,0.04685750609370832,0.18743142342605257,1
1.0,0.047094615894686456,0.18743072801526103,1
1.0,0.04733292552600998,0.18743002555629484,1
1.0,0.047572441059097484,0.18742931597779408,1
1.0,0.04781316859609036,0.18742859920767782,1
1.0,0.04805511427000824,0.18742787517313703,1
1.0,0.048298284244905246,0.18742714380062694,1
1.0,0.04854268471602706,0.1874264050158599,1
1.0,0.0487883219099687,0.18742565874379788,1
1.0,0.04903520208483325,0.18742490490864472,1
1.0,0.049283331530391154,0.18742414343383884,1
1.0,0.04953271656824061,0.1874233742420452,1
1.0,0.04978336355196857,0.18742259725514765,1
1.0,0.05003527886731259,0.18742181239424133,1
1.0,0.05028846893232349,0.18742101957962426,1
1.0,0.05054294019752895,0.1874202187307897,1
1.0,0.050798699146097824,0.18741940976641794,1
1.0,0.05105575229400527,0.18741859260436808,1
1.0,0.051314106190198785,0.18741776716166983,1
1.0,0.051573767416765066,0.18741693335451526,1
1.0,0.05183474258909768,0.18741609109825022,1
1.0,0.05209703835606563,0.18741524030736587,1
1.0,0.052360661400182695,0.18741438089549023,1
1.0,0.05262561843777775,0.1874135127753793,1
1.0,0.052891916219165835,0.18741263585890852,1
1.0,0.05315956152882014,0.1874117500570638,1
1.0,0.053428561185544884,0.1874108552799325,1
1.0,0.05369892204264893,0.18740995143669467,1
1.0,0.05397065098812055,0.18740903843561363,1
1.0,0.0542437549448028,0.1874081161840271,1
1.0,0.05451824087056993,0.1874071845883376,1
1.0,0.05479411575850459,0.18740624355400318,1
1.0,0.0550713866370761,0.18740529298552805,1
1.0,0.05535006057031944,0.18740433278645277,1
1.0,0.05563014465801524,0.18740336285934484,1
1.0,0.05591164603587065,0.18740238310578883,1
1.0,0.05619457187570116,0.1874013934263764,1
1.0,0.056478929385613295,0.18740039372069653,1
1.0,0.05676472581018826,0.18739938388732535,1
1.0,0.05705196843066651,0.187398363823816,1
1.0,0.05734066456513328,0.18739733342668838,1
1.0,0.057630821568704985,0.1873962925914189,1
1.0,0.05792244683371666,0.18739524121242973,1
1.0,0.058215547789910185,0.18739417918307857,1
1.0,0.058510131904623716,0.1873931063956477,1
1.0,0.058806206682981865,0.18739202274133349,1
1.0,0.059103779668086914,0.1873909281102352,1
1.0,0.059402858441210904,0.18738982239134425,1
1.0,0.05970345062198895,0.1873887054725329,1
1.0,0.06000556386861325,0.18738757724054328,1
1.0,0.06030920587802823,0.18738643758097592,1
1.0,0.06061438438612662,0.18738528637827828,1
1.0,0.06092110716794656,0.18738412351573325,1
1.0,0.061229382037869685,0.1873829488754477,1
1.0,0.0615392168498202,0.18738176233834028,1
1.0,0.06185061949746497,0.18738056378412987,1
1.0,0.06216359791441465,0.18737935309132348,1
1.0,0.06247816007442579,0.18737813013720403,1
1.0,0.06279431399160403,0.18737689479781836,1
1.0,0.06311206772060814,0.1873756469479644,1
1.0,0.06343142935685539,0.18737438646117927,1
1.0,0.06375240703672774,0.18737311320972616,1
1.0,0.06407500893777913,0.18737182706458183,1
1.0,0.06439924327894374,0.18737052789542377,1
1.0,0.0647251183207455,0.18736921557061717,1
1.0,0.0650526423655085,0.18736788995720163,1
1.0,0.06538182375756853,0.18736655092087826,1
1.0,0.0657126708834856,0.187365198325996,1
1.0,0.06604519217225768,0.1873638320355382,1
1.0,0.0663793960955354,0.18736245191110917,1
1.0,0.06671529116783792,0.1873610578129201,1
1.0,0.06705288594676981,0.18735964959977527,1
1.0,0.0673921890332391,0.18735822712905809,1
1.0,0.0677332090716764,0.18735679025671678,1
1.0,0.0680759547502552,0.18735533883725022,1
1.0,0.068420434801113,0.18735387272369325,1
1.0,0.06876665800057405,0.18735239176760227,1
1.0,0.06911463316937284,0.18735089581904033,1
1.0,0.06946436917287875,0.18734938472656226,1
1.0,0.06981587492132205,0.1873478583371999,1
1.0,0.0701691593700207,0.18734631649644648,1
1.0,0.07052423151960877,0.18734475904824152,1
1.0,0.07088110041626557,0.1873431858349554,1
1.0,0.07123977515194617,0.1873415966973735,1
1.0,0.071600264864613,0.18733999147468053,1
1.0,0.07196257873846876,0.18733837000444478,1
1.0,0.07232672600419025,0.1873367321226016,1
1.0,0.0726927159391637,0.18733507766343743,1
1.0,0.07306055786772102,0.18733340645957341,1
1.0,0.07343026116137738,0.1873317183419485,1
1.0,0.07380183523907004,0.18733001313980302,1
1.0,0.07417528956739822,0.18732829068066173,1
1.0,0.07455063366086424,0.18732655079031665,1
1.0,0.07492787708211614,0.1873247932928097,1
1.0,0.07530702944219107,0.18732301801041565,1
1.0,0.07568810040076035,0.1873212247636242,1
1.0,0.07607109966637529,0.18731941337112246,1
1.0,0.07645603699671487,0.18731758364977688,1
1.0,0.07684292219883412,0.18731573541461521,1
1.0,0.07723176512941406,0.18731386847880827,1
1.0,0.07762257569501274,0.18731198265365145,1
1.0,0.07801536385231775,0.1873100777485461,1
1.0,0.07841013960839974,0.18730815357098066,1
1.0,0.07880691302096751,0.18730620992651173,1
1.0,0.07920569419862418,0.18730424661874492,1
1.0,0.07960649330112472,0.18730226344931541,1
1.0,0.08000932053963479,0.18730026021786847,1
1.0,0.08041418617699099,0.18729823672203957,1
1.0,0.0808211005279621,0.18729619275743473,1
1.0,0.08123007395951211,0.18729412811761006,1
1.0,0.08164111689106424,0.18729204259405166,1
1.0,0.08205423979476642,0.18728993597615506,1
1.0,0.08246945319575795,0.1872878080512044,1
1.0,0.08288676767243788,0.1872856586043517,1
1.0,0.08330619385673436,0.18728348741859555,1
1.0,0.08372774243437557,0.18728129427475979,1
1.0,0.08415142414516193,0.18727907895147228,1
1.0,0.0845772497832397,0.18727684122514268,1
1.0,0.08500523019737606,0.18727458086994092,1
1.0,0.08543537629123546,0.18727229765777484,1
1.0,0.08586769902365735,0.18726999135826775,1
1.0,0.0863022094089355,0.1872676617387361,1
1.0,0.08673891851709853,0.18726530856416643,1
1.0,0.08717783747419199,0.1872629315971923,1
1.0,0.08761897746256166,0.18726053059807132,1
1.0,0.08806234972113873,0.18725810532466156,1
1.0,0.08850796554572592,0.1872556555323976,1
1.0,0.08895583628928534,0.1872531809742669,1
1.0,0.08940597336222762,0.18725068140078568,1
1.0,0.0898583882327028,0.1872481565599743,1
1.0,0.09031309242689238,0.1872456061973326,1
1.0,0.090770097529303,0.18724303005581544,1
1.0,0.09122941518306156,0.18724042787580714,1
1.0,0.0916910570902119,0.18723779939509644,1
1.0,0.09215503501201287,0.18723514434885083,1
1.0,0.09262136076923806,0.18723246246959063,1
1.0,0.09309004624247684,0.18722975348716311,1
1.0,0.09356110337243716,0.187227017128716,1
1.0,0.09403454416024964,0.1872242531186709,1
1.0,0.09451038066777354,0.18722146117869679,1
1.0,0.09498862501790367,0.1872186410276823,1
1.0,0.0954692893948797,0.18721579238170913,1
1.0,0.09595238604459627,0.18721291495402378,1
1.0,0.09643792727491513,0.18721000845501012,1
1.0,0.09692592545597864,0.18720707259216116,1
1.0,0.09741639302052484,0.18720410707005045,1
1.0,0.0979093424642044,0.1872011115903037,1
1.0,0.09840478634589885,0.18719808585156958,1
1.0,0.09890273728804055,0.18719502954949077,1
1.0,0.0994032079769343,0.1871919423766743,1
1.0,0.09990621116308049,0.18718882402266165,1
1.0,0.10041175966150002,0.18718567417389903,1
1.0,0.10091986635206075,0.18718249251370675,1
1.0,0.10143054417980564,0.18717927872224877,1
1.0,0.10194380615528262,0.18717603247650164,1
1.0,0.10245966535487581,0.18717275345022347,1
1.0,0.10297813492113904,0.18716944131392219,1
1.0,0.10349922806313044,0.18716609573482396,1
1.0,0.10402295805674902,0.18716271637684107,1
1.0,0.1045493382450729,0.18715930290053923,1
1.0,0.10507838203869926,0.18715585496310533,1
1.0,0.10561010291608601,0.18715237221831404,1
1.0,0.10614451442389519,0.1871488543164947,1
1.0,0.10668163017733798,0.1871453009044975,1
1.0,0.10722146386052174,0.1871417116256597,1
1.0,0.1077640292267986,0.1871380861197713,1
1.0,0.10830934009911582,0.18713442402304045,1
1.0,0.10885741037036792,0.18713072496805838,1
1.0,0.10940825400375069,0.1871269885837644,1
1.0,0.10996188503311695,0.1871232144954101,1
1.0,0.11051831756333408,0.18711940232452373,1
1.0,0.11107756577064318,0.18711555168887356,1
1.0,0.11163964390302057,0.1871116622024316,1
1.0,0.11220456628054057,0.18710773347533663,1
1.0,0.1127723472957404,0.18710376511385673,1
1.0,0.11334300141398682,0.18709975672035206,1
1.0,0.11391654317384468,0.18709570789323646,1
1.0,0.11449298718744734,0.1870916182269394,1
1.0,0.11507234814086899,0.1870874873118672,1
1.0,0.11565464079449855,0.18708331473436407,1
1.0,0.11623987998341613,0.18707910007667267,1
1.0,0.11682808061777067,0.1870748429168944,1
1.0,0.11741925768315994,0.18707054282894922,1
1.0,0.11801342624101227,0.18706619938253513,1
1.0,0.1186106014289703,0.1870618121430873,1
1.0,0.11921079846127666,0.18705738067173713,1
1.0,0.11981403262916161,0.18705290452526996,1
1.0,0.12042031930123236,0.18704838325608383,1
1.0,0.12102967392386503,0.18704381641214643,1
1.0,0.1216421120215979,0.18703920353695275,1
1.0,0.122257649197527,0.1870345441694817,1
1.0,0.12287630113370365,0.18702983784415259,1
1.0,0.12349808359153393,0.18702508409078114,1
1.0,0.12412301241218028,0.18702028243453514,1
1.0,0.12475110351696518,0.18701543239588947,1
1.0,0.12538237290777648,0.1870105334905814,1
1.0,0.1260168366674754,0.18700558522956437,1
1.0,0.12665451096030622,0.18700058711896234,1
1.0,0.12729541203230788,0.18699553866002336,1
1.0,0.12793955621172814,0.18699043934907253,1
1.0,0.12858695990943939,0.18698528867746492,1
1.0,0.1292376396193569,0.18698008613153755,1
1.0,0.12989161191885895,0.1869748311925616,1
1.0,0.13054889346920903,0.1869695233366937,1
1.0,0.13120950101598064,0.18696416203492677,1
1.0,0.13187345138948373,0.1869587467530406,1
1.0,0.13254076150519345,0.18695327695155217,1
1.0,0.1332114483641812,0.186947752085665,1
1.0,0.13388552905354767,0.18694217160521848,1
1.0,0.13456302074685833,0.1869365349546366,1
1.0,0.13524394070458073,0.1869308415728761,1
1.0,0.13592830627452454,0.18692509089337453,1
1.0,0.1366161348922831,0.18691928234399724,1
1.0,0.13730744408167808,0.18691341534698455,1
1.0,0.13800225145520573,0.18690748931889797,1
1.0,0.13870057471448546,0.1869015036705662,1
1.0,0.13940243165071114,0.1868954578070306,1
1.0,0.14010784014510405,0.18688935112748992,1
1.0,0.14081681816936864,0.186883183025245,1
1.0,0.14152938378615038,0.18687695288764267,1
1.0,0.14224555514949572,0.1868706600960191,1
1.0,0.14296535050531495,0.18686430402564297,1
1.0,0.14368878819184683,0.18685788404565767,1
1.0,0.14441588664012583,0.18685139951902363,1
1.0,0.14514666437445173,0.18684484980245944,1
1.0,0.14588114001286154,0.18683823424638282,1
1.0,0.14661933226760382,0.18683155219485117,1
1.0,0.1473612599456155,0.18682480298550153,1
1.0,0.14810694194900076,0.1868179859494895,1
1.0,0.14885639727551297,0.18681110041142876,1
1.0,0.14960964501903853,0.18680414568932863,1
1.0,0.1503667043700832,0.18679712109453245,1
1.0,0.15112759461626124,0.18679002593165447,1
1.0,0.15189233514278658,0.1867828594985165,1
1.0,0.1526609454329669,0.18677562108608425,1
1.0,0.15343344506869996,0.18676830997840277,1
1.0,0.15420985373097224,0.18676092545253137,1
1.0,0.1549901912003607,0.1867534667784784,1
1.0,0.15577447735753663,0.18674593321913466,1
1.0,0.15656273218377204,0.18673832403020715,1
1.0,0.15735497576144875,0.18673063846015162,1
1.0,0.15815122827457018,0.18672287575010466,1
1.0,0.15895151000927538,0.18671503513381563,1
1.0,0.15975584135435605,0.18670711583757718,1
1.0,0.16056424280177567,0.1866991170801561,1
1.0,0.16137673494719199,0.1866910380727229,1
1.0,0.16219333849048148,0.18668287801878103,1
1.0,0.16301407423626676,0.18667463611409577,1
1.0,0.1638389630944467,0.18666631154662194,1
1.0,0.16466802608072897,0.18665790349643144,1
1.0,0.16550128431716565,0.18664941113564013,1
1.0,0.1663387590326914,0.18664083362833386,1
1.0,0.16718047156366386,0.1866321701304943,1
1.0,0.1680264433544079,0.18662341978992353,1
1.0,0.1688766959577614,0.18661458174616868,1
1.0,0.16973125103562475,0.18660565513044536,1
1.0,0.17059013035951245,0.18659663906556095,1
1.0,0.17145335581110793,0.18658753266583686,1
1.0,0.172320949382821,0.18657833503703025,1
1.0,0.17319293317834816,0.1865690452762553,1
1.0,0.17406932941323555,0.1865596624719037,1
1.0,0.17495016041544534,0.18655018570356421,1
1.0,0.17583544862592418,0.18654061404194208,1
1.0,0.17672521659917517,0.18653094654877742,1
1.0,0.17761948700383243,0.186521182276763,1
1.0,0.1785182826232385,0.18651132026946152,1
1.0,0.179421626356025,0.186501359561222,1
1.0,0.1803295412166959,0.18649129917709553,1
1.0,0.1812420503362137,0.18648113813275063,1
1.0,0.18215917696258918,0.18647087543438728,1
1.0,0.18308094446147324,0.18646051007865116,1
1.0,0.18400737631675243,0.18645004105254623,1
1.0,0.1849384961311472,0.18643946733334724,1
1.0,0.1858743276268132,0.18642878788851172,1
1.0,0.18681489464594564,0.18641800167559028,1
1.0,0.1877602211513868,0.18640710764213744,1
1.0,0.18871033122723654,0.18639610472562082,1
1.0,0.1896652490794655,0.18638499185332996,1
1.0,0.19062499903653246,0.1863737679422847,1
1.0,0.19158960555000373,0.186362431899142,1
1.0,0.1925590931951762,0.18635098262010322,1
1.0,0.1935334866717033,0.1863394189908195,1
1.0,0.19451281080422464,0.18632773988629722,1
1.0,0.19549709054299808,0.1863159441708023,1
1.0,0.19648635096453562,0.18630403069776405,1
1.0,0.19748061727224206,0.1862919983096779,1
1.0,0.1984799147970574,0.1862798458380078,1
1.0,0.199484268998102,0.18626757210308745,1
1.0,0.20049370546332526,0.18625517591402121,1
1.0,0.2015082499101575,0.18624265606858395,1
1.0,0.20252792818616516,0.18623001135312017,1
1.0,0.2035527662697094,0.1862172405424425,1
1.0,0.20458279027060786,0.18620434239972924,1
1.0,0.2056180264307997,0.18619131567642136,1
1.0,0.20665850112501466,0.1861781591121184,1
1.0,0.20770424086144448,0.18616487143447394,1
1.0,0.2087552722824186,0.1861514513590902,1
1.0,0.20981162216508273,0.18613789758941154,1
1.0,0.21087331742208112,0.18612420881661762,1
1.0,0.21194038510224228,0.18611038371951563,1
1.0,0.21301285239126808,0.1860964209644314,1
1.0,0.214090746612426,0.18608231920510032,1
1.0,0.2151740952272459,0.18606807708255688,1
1.0,0.21626292583621926,0.18605369322502383,1
1.0,0.21735726617950232,0.18603916624780026,1
1.0,0.218457144137623,0.18602449475314903,1
1.0,0.2195625877321911,0.1860096773301833,1
1.0,0.2206736251266122,0.18599471255475253,1
1.0,0.22179028462680545,0.18597959898932695,1
1.0,0.222912594681924,0.18596433518288227,1
1.0,0.22404058388508072,0.18594891967078253,1
1.0,0.22517428097407605,0.18593335097466293,1
1.0,0.22631371483213042,0.18591762760231137,1
1.0,0.22745891448861993,0.18590174804754922,1
1.0,0.22860990911981613,0.18588571079011165,1
1.0,0.22976672804962917,0.1858695142955266,1
1.0,0.23092940075035506,0.1858531570149931,1
1.0,0.23209795684342616,0.18583663738525918,1
1.0,0.23327242610016638,0.18581995382849814,1
1.0,0.23445283844254936,0.1858031047521849,1
1.0,0.2356392239439608,0.18578608854897058,1
1.0,0.23683161282996468,0.18576890359655715,1
1.0,0.2380300354790733,0.18575154825757065,1
1.0,0.23923452242352128,0.18573402087943364,1
1.0,0.24044510435004351,0.18571631979423706,1
1.0,0.24166181210065646,0.18569844331861105,1
1.0,0.24288467667344465,0.18568038975359505,1
1.0,0.2441137292233501,0.18566215738450687,1
1.0,0.24534900106296584,0.1856437444808112,1
1.0,0.24659052366333395,0.18562514929598706,1
1.0,0.24783832865474728,0.1856063700673945,1
1.0,0.24909244782755519,0.18558740501614032,1
1.0,0.2503529131329737,0.1855682523469434,1
1.0,0.251619756683899,0.18554891024799838,1
1.0,0.25289301075572634,0.18552937689083954,1
1.0,0.25417270778717177,0.18550965043020284,1
1.0,0.2554588803810987,0.18548972900388774,1
1.0,0.25675156130534865,0.18546961073261803,1
1.0,0.25805078349357585,0.18544929371990185,1
1.0,0.25935658004608664,0.18542877605189065,1
1.0,0.2606689842306823,0.18540805579723785,1
1.0,0.26198802948350713,0.1853871310069559,1
1.0,0.2633137494098997,0.18536599971427323,1
1.0,0.2646461777852497,0.1853446599344899,1
1.0,0.2659853485558578,0.18532310966483284,1
1.0,0.26733129583980103,0.18530134688430985,1
1.0,0.2686840539278017,0.18527936955356275,1
1.0,0.27004365728410107,0.1852571756147205,1
1.0,0.2714101405473373,0.18523476299125025,1
1.0,0.2727835385314284,0.18521212958780886,1
1.0,0.2741638862264583,0.1851892732900925,1
1.0,0.27555121879956934,0.18516619196468637,1
1.0,0.2769455715958575,0.1851428834589128,1
1.0,0.2783469801392731,0.1851193456006793,1
1.0,0.2797554801335259,0.1850955761983253,1
1.0,0.28117110746299473,0.18507157304046815,1
1.0,0.28259389819364156,0.18504733389584876,1
1.0,0.2840238885739306,0.18502285651317593,1
1.0,0.28546111503575133,0.1849981386209701,1
1.0,0.2869056141953473,0.18497317792740653,1
1.0,0.28835742285424876,0.18494797212015732,1
1.0,0.28981657800020993,0.18492251886623315,1
1.0,0.2912831168081518,0.18489681581182385,1
1.0,0.292757076641109,0.18487086058213836,1
1.0,0.29423849505118177,0.18484465078124415,1
1.0,0.2957274097804928,0.1848181839919056,1
1.0,0.297223858762148,0.18479145777542175,1
1.0,0.2987278801212043,0.1847644696714635,1
1.0,0.30023951217563993,0.1847372171979099,1
1.0,0.30175879343733086,0.18470969785068383,1
1.0,0.30328576261303225,0.18468190910358698,1
1.0,0.3048204586053641,0.18465384840813412,1
1.0,0.3063629205138029,0.1846255131933866,1
1.0,0.3079131876356776,0.18459690086578553,1
1.0,0.3094712994671701,0.18456800880898389,1
1.0,0.31103729570432287,0.1845388343836781,1
1.0,0.31261121624404903,0.1845093749274392,1
1.0,0.31419310118514954,0.18447962775454313,1
1.0,0.31578299082933436,0.1844495901558004,1
1.0,0.3173809256822497,0.1844192593983855,1
1.0,0.31898694645450926,0.18438863272566502,1
1.0,0.32060109406273246,0.18435770735702622,1
1.0,0.32222340963058543,0.18432648048770378,1
1.0,0.32385393448983024,0.18429494928860718,1
1.0,0.325492710181377,0.18426311090614683,1
1.0,0.32713977845634234,0.18423096246205972,1
1.0,0.3287951812771133,0.18419850105323493,1
1.0,0.33045896081841625,0.18416572375153809,1
1.0,0.33213115946839133,0.1841326276036361,1
1.0,0.3338118198296728,0.18409920963082044,1
1.0,0.33550098472047335,0.18406546682883093,1
1.0,0.3371986971756764,0.18403139616767852,1
1.0,0.33890500044793165,0.18399699459146765,1
1.0,0.34061993800875706,0.18396225901821853,1
1.0,0.34234355354964663,0.18392718633968877,1
1.0,0.34407589098318336,0.18389177342119473,1
1.0,0.3458169944441581,0.18385601710143246,1
1.0,0.34756690829069403,0.18381991419229848,1
1.0,0.34932567710537626,0.18378346147871005,1
1.0,0.35109334569638845,0.18374665571842505,1
1.0,0.352869959098654,0.183709493641862,1
1.0,0.3546555625749833,0.18367197195191967,1
1.0,0.35645020161722707,0.18363408732379594,1
1.0,0.3582539219474354,0.1835958364048073,1
1.0,0.3600667695190222,0.18355721581420767,1
1.0,0.36188879051793665,0.1835182221430069,1
1.0,0.36372003136383946,0.18347885195378977,1
1.0,0.365560538711285,0.18343910178053408,1
1.0,0.36741035945091105,0.18339896812842937,1
1.0,0.36926954071063267,0.183358447473695,1
1.0,0.371138129856843,0.18331753626339875,1
1.0,0.3730161744956202,0.1832762309152747,1
1.0,0.37490372247393994,0.18323452781754185,1
1.0,0.37680082188089487,0.18319242332872246,1
1.0,0.37870752104891964,0.18314991377746018,1
1.0,0.38062386855502156,0.18310699546233886,1
1.0,0.38254991322201953,0.18306366465170104,1
1.0,0.3844857041197869,0.18301991758346695,1
1.0,0.3864312905665019,0.18297575046495318,1
1.0,0.38838672212990416,0.18293115947269215,1
1.0,0.3903520486285575,0.18288614075225154,1
1.0,0.39232732013311916,0.18284069041805395,1
1.0,0.3943125869676158,0.18279480455319727,1
1.0,0.39630789971072444,0.1827484792092747,1
1.0,0.3983133091970627,0.18270171040619596,1
1.0,0.4003288665184828,0.18265449413200832,1
1.0,0.4023546230253736,0.1826068263427185,1
1.0,0.4043906303279686,0.1825587029621147,1
1.0,0.4064369402976613,0.18251011988158972,1
1.0,0.40849360506832616,0.18246107295996378,1
1.0,0.4105606770376474,0.18241155802330897,1
1.0,0.4126382088684531,0.18236157086477367,1
1.0,0.41472625349005776,0.18231110724440797,1
1.0,0.4168248640996105,0.18226016288898947,1
1.0,0.4189340941634502,0.18220873349185057,1
1.0,0.4210539974184677,0.18215681471270587,1
1.0,0.423184627873475,0.18210440217748058,1
1.0,0.4253260398105811,0.18205149147814062,1
1.0,0.42747828778657526,0.18199807817252225,1
1.0,0.4296414266343161,0.18194415778416412,1
1.0,0.43181551146412966,0.1818897258021396,1
1.0,0.4340005976652129,0.1818347776808904,1
1.0,0.4361967409070448,0.1817793088400613,1
1.0,0.43840399714080475,0.18172331466433625,1
1.0,0.44062242260079815,0.18166679050327564,1
1.0,0.44285207380588887,0.18160973167115477,1
1.0,0.44509300756093956,0.1815521334468037,1
1.0,0.4473452809582578,0.18149399107344918,1
1.0,0.44960895137905227,0.18143529975855655,1
1.0,0.4518840764948935,0.18137605467367504,1
1.0,0.4541707142691835,0.18131625095428314,1
1.0,0.45646892295863245,0.18125588369963644,1
1.0,0.458778761114743,0.18119494797261698,1
1.0,0.4611002875853018,0.1811334387995843,1
1.0,0.46343356151587933,0.18107135117022832,1
1.0,0.46577864235133537,0.1810086800374242,1
1.0,0.4681355898373354,0.1809454203170893,1
1.0,0.47050446402187124,0.18088156688804152,1
1.0,0.47288532525679156,0.1808171145918608,1
1.0,0.47527823419933934,0.18075205823275173,1
1.0,0.4776832518136972,0.18068639257740884,1
1.0,0.48010043937254054,0.18062011235488437,1
1.0,0.48252985845859875,0.180553212256458,1
1.0,0.4849715709662242,0.18048568693550948,1
1.0,0.4874256391029682,0.180417531007393,1
1.0,0.48989212539116755,0.18034873904931506,1
1.0,0.4923710926695361,0.18027930560021435,1
1.0,0.49486260409476623,0.18020922516064458,1
1.0,0.4973667231431377,0.18013849219266032,1
1.0,0.49988351361213484,0.180067101119705,1
1.0,0.5024130396220721,0.1799950463265029,1
1.0,0.5049553656177277,0.17992232215895335,1
1.0,0.5075105563699845,0.17984892292402843,1
1.0,0.5100786769774821,0.17977484288967382,1
1.0,0.5126597928682736,0.1797000762847129,1
1.0,0.5152539698014931,0.1796246172987543,1
1.0,0.5178612738690315,0.17954846008210276,1
1.0,0.5204817714972196,0.1794715987456737,1
1.0,0.523115529448521,0.1793940273609114,1
1.0,0.5257626148232328,0.1793157399597108,1
1.0,0.5284230950611947,0.17923673053434327,1
1.0,0.5310970379435077,0.1791569930373862,1
1.0,0.5337845115942613,0.1790765213816565,1
1.0,0.5364855844822681,0.17899530944014844,1
1.0,0.539200325422809,0.17891335104597567,1
1.0,0.541928803579386,0.17883063999231713,1
1.0,0.5446710884654842,0.17874717003236792,1
1.0,0.5474272499463436,0.17866293487929427,1
1.0,0.5501973582407373,0.17857792820619323,1
1.0,0.5529814839227629,0.17849214364605723,1
1.0,0.5557796979236385,0.17840557479174307,1
1.0,0.5585920715335105,0.17831821519594604,1
1.0,0.5614186764032705,0.17823005837117933,1
1.0,0.5642595845463794,0.1781410977897579,1
1.0,0.5671148683407033,0.1780513268837883,1
1.0,0.5699846005303574,0.1779607390451633,1
1.0,0.5728688542275575,0.17786932762556226,1
1.0,0.5757677029144856,0.17777708593645697,1
1.0,0.57868122044516,0.17768400724912328,1
1.0,0.581609481047317,0.17759008479465832,1
1.0,0.5845525593243031,0.1774953117640039,1
1.0,0.5875105302569742,0.17739968130797587,1
1.0,0.5904834692056071,0.1773031865372994,1
1.0,0.5934714519118195,0.17720582052265094,1
1.0,0.5964745545004977,0.1771075762947063,1
1.0,0.5994928534817389,0.17700844684419542,1
1.0,0.6025264257527984,0.17690842512196367,1
1.0,0.6055753486000495,0.17680750403904,1
1.0,0.6086396997009526,0.17670567646671198,1
1.0,0.6117195571260337,0.17660293523660797,1
1.0,0.6148149993408738,0.17649927314078628,1
1.0,0.6179261052081082,0.17639468293183186,1
1.0,0.6210529539894343,0.17628915732296033,1
1.0,0.6241956253476331,0.17618268898812933,1
1.0,0.6273541993485973,0.17607527056215821,1
1.0,0.6305287564633713,0.17596689464085483,1
1.0,0.6337193775702018,0.17585755378115098,1
1.0,0.6369261439565981,0.17574724050124543,1
1.0,0.6401491373214029,0.17563594728075566,1
1.0,0.6433884397768745,0.17552366656087767,1
1.0,0.6466441338507769,0.1754103907445546,1
1.0,0.6499163024884849,0.175296112196654,1
1.0,0.6532050290550955,0.17518082324415368,1
1.0,0.6565103973375523,0.175064516176337,1
1.0,0.6598324915467807,0.17494718324499714,1
1.0,0.6631713963198321,0.1748288166646503,1
1.0,0.6665271967220415,0.1747094086127591,1
1.0,0.6698999782491937,0.1745889512299648,1
1.0,0.6732898268297026,0.17446743662032976,1
1.0,0.6766968288267986,0.17434485685159,1
1.0,0.6801210710407308,0.17422120395541693,1
1.0,0.6835626407109776,0.17409646992769032,1
1.0,0.687021625518469,0.17397064672878118,1
1.0,0.690498113587821,0.17384372628384517,1
1.0,0.6939921934895803,0.17371570048312673,1
1.0,0.6975039542424812,0.17358656118227442,1
1.0,0.7010334853157136,0.17345630020266656,1
1.0,0.7045808766312011,0.173324909331749,1
1.0,0.7081462185658941,0.17319238032338335,1
1.0,0.7117296019540708,0.17305870489820754,1
1.0,0.715331118089652,0.1729238747440073,1
1.0,0.7189508587285266,0.17278788151610014,1
1.0,0.7225889160908896,0.1726507168377311,1
1.0,0.7262453828635915,0.17251237230048044,1
1.0,0.7299203522025001,0.17237283946468437,1
1.0,0.7336139177348721,0.17223210985986753,1
1.0,0.7373261735617409,0.17209017498518886,1
1.0,0.7410572142603127,0.17194702630989972,1
1.0,0.744807134886376,0.17180265527381575,1
1.0,0.7485760309767234,0.17165705328780126,1
1.0,0.7523639985515861,0.1715102117342677,1
1.0,0.7561711341170796,0.171362121967685,1
1.0,0.7599975346676632,0.1712127753151074,1
1.0,0.763843297688609,0.17106216307671257,1
1.0,0.7677085211584888,0.17091027652635518,1
1.0,0.7715933035516678,0.17075710691213478,1
1.0,0.7754977438408143,0.17060264545697776,1
1.0,0.7794219414994213,0.17044688335923455,1
1.0,0.7833659965043406,0.1702898117932909,1
1.0,0.7873300093383299,0.1701314219101949,1
1.0,0.7913140809926131,0.16997170483829852,1
1.0,0.7953183129694522,0.1698106516839149,1
1.0,0.7993428072847351,0.16964825353199098,1
1.0,0.803387666470573,0.1694845014467959,1
1.0,0.8074529935779137,0.16931938647262515,1
1.0,0.8115388921791662,0.16915289963452096,1
1.0,0.8156454663708401,0.1689850319390087,1
1.0,0.8197728207761973,0.16881577437484988,1
1.0,0.8239210605479177,0.16864511791381168,1
1.0,0.8280902913707773,0.16847305351145297,1
1.0,0.8322806194643423,0.16829957210792784,1
1.0,0.8364921515856741,0.16812466462880543,1
1.0,0.8407249950320497,0.16794832198590795,1
1.0,0.8449792576436949,0.16777053507816525,1
1.0,0.8492550478065319,0.1675912947924878,1
1.0,0.853552474454941,0.16741059200465658,1
1.0,0.8578716470745356,0.1672284175802322,1
1.0,0.8622126757049506,0.16704476237548088,1
1.0,0.8665756709426482,0.16685961723831916,1
1.0,0.8709607439437336,0.16667297300927764,1
1.0,0.8753680064267876,0.16648482052248242,1
1.0,0.8797975706757128,0.16629515060665614,1
1.0,0.8842495495425946,0.1661039540861374,1
1.0,0.8887240564505755,0.1659112217819196,1
1.0,0.8932212053967462,0.1657169445127092,1
1.0,0.8977411109550473,0.16552111309600276,1
1.0,0.9022838882791916,0.16532371834918455,1
1.0,0.9068496531055955,0.16512475109064292,1
1.0,0.9114385217563289,0.16492420214090742,1
1.0,0.9160506111420779,0.1647220623238052,1
1.0,0.9206860387651234,0.1645183224676384,1
1.0,0.9253449227223357,0.16431297340638104,1
1.0,0.9300273817081819,0.1641060059808971,1
1.0,0.9347335350177514,0.16389741104017888,1
1.0,0.9394635025497924,0.16368717944260608,1
1.0,0.9442174048097703,0.16347530205722602,1
1.0,0.9489953629129355,0.16326176976505455,1
1.0,0.9537974985874093,0.16304657346039853,1
1.0,0.9586239341772853,0.16282970405219904,1
1.0,0.9634747926457471,0.16261115246539667,1
1.0,0.9683501975781996,0.16239090964231767,1
1.0,0.9732502731854195,0.1621689665440821,1
1.0,0.9781751443067168,0.16194531415203386,1
1.0,0.983124936413119,0.1617199434691919,1
1.0,0.9880997756105655,0.16149284552172433,1
1.0,0.9930997886431205,0.16126401136044374,1
1.0,0.9981251028962029,0.16103343206232515,1
1.0,1.0031758463998308,0.160801098732046,1
1.0,1.0082521478318844,0.16056700250354877,1
1.0,1.0133541365213827,0.16033113454162534,1
1.0,1.0184819424517804,0.16009348604352447,1
1.0,1.023635696264278,0.1598540482405817,1
1.0,1.0288155292611505,0.15961281239987157,1
1.0,1.034021573409094,0.1593697698258828,1
1.0,1.0392539613425837,0.15912491186221614,1
1.0,1.0445128263672585,0.15887822989330497,1
1.0,1.0497983024633137,0.15862971534615872,1
1.0,1.0551105242889156,0.15837935969212905,1
1.0,1.0604496271836317,0.1581271544486992,1
1.0,1.0658157471718788,0.15787309118129617,1
1.0,1.071209020966389,0.15761716150512556,1
1.0,1.076629585971692,0.1573593570870297,1
1.0,1.0820775802876166,0.1570996696473684,1
1.0,1.0875531427128085,0.1568380909619234,1
1.0,1.0930564127482663,0.15657461286382457,1
1.0,1.0985875306008963,0.15630922724550014,1
1.0,1.1041466371870836,0.15604192606064946,1
1.0,1.1097338741362832,0.15577270132623822,1
1.0,1.1153493837946278,0.15550154512451728,1
1.0,1.1209933092285553,0.1552284496050635,1
1.0,1.1266657942284495,0.1549534069868444,1
1.0,1.1323669833123104,0.15467640956030393,1
1.0,1.1380970217294308,0.15439744968947253,1
1.0,1.1438560554640989,0.15411651981409827,1
1.0,1.149644231239317,0.15383361245180172,1
1.0,1.1554616965205395,0.153548720200252,1
1.0,1.1613085995194306,0.15326183573936597,1
1.0,1.1671850891976387,0.1529729518335289,1
1.0,1.1730913152705937,0.15268206133383758,1
1.0,1.1790274282113196,0.152389157180365,1
1.0,1.1849935792542683,0.152094232404447,1
1.0,1.1909899203991738,0.1517972801309902,1
1.0,1.197016604414923,0.15149829358080144,1
1.0,1.2030737848434492,0.15119726607293862,1
1.0,1.209161616003643,0.15089419102708207,1
1.0,1.2152802529952857,0.15058906196592745,1
1.0,1.2214298517029958,0.15028187251759864,1
1.0,1.227610568800207,0.14997261641808138,1
1.0,1.233822561753156,0.14966128751367688,1
1.0,1.240065988824895,0.1493478797634755,1
1.0,1.2463410090793237,0.14903238724185008,1
1.0,1.2526477823852418,0.14871480414096852,1
1.0,1.2589864694204222,0.14839512477332562,1
1.0,1.2653572316757045,0.14807334357429386,1
1.0,1.2717602314591088,0.14774945510469217,1
1.0,1.2781956318999717,0.14742345405337362,1
1.0,1.2846635969531017,0.14709533523983057,1
1.0,1.2911642914029569,0.14676509361681717,1
1.0,1.2976978808678419,0.14643272427298962,1
1.0,1.304264531804129,0.1460982224355624,1
1.0,1.3108644115104982,0.14576158347298188,1
1.0,1.3174976881321985,0.1454228028976151,1
1.0,1.3241645306653353,0.1450818763684545,1
1.0,1.3308651089611687,0.1447387996938381,1
1.0,1.337599593730449,0.14439356883418356,1
1.0,1.3443681565477614,0.14404617990473761,1
1.0,1.3511709698558987,0.14369662917833842,1
1.0,1.3580082069702528,0.14334491308819178,1
1.0,1.3648800420832323,0.14299102823065954,1
1.0,1.3717866502686997,0.14263497136806125,1
1.0,1.3787282074864313,0.1422767394314867,1
1.0,1.3857048905866007,0.14191632952361988,1
1.0,1.3927168773142842,0.14155373892157422,1
1.0,1.399764346313989,0.1411889650797369,1
1.0,1.4068474771342052,0.14082200563262331,1
1.0,1.4139664502319793,0.1404528583977405,1
1.0,1.4211214469775124,0.14008152137845814,1
1.0,1.4283126496587804,0.13970799276688783,1
1.0,1.4355402414861804,0.1393322709467689,1
1.0,1.4428044065971914,0.13895435449636093,1
1.0,1.4501053300610756,0.1385742421913412,1
1.0,1.4574431978835862,0.1381919330077073,1
1.0,1.4648181970117096,0.1378074261246843,1
1.0,1.4722305153384256,0.13742072092763452,1
1.0,1.4796803417074973,0.1370318170109706,1
1.0,1.4871678659182799,0.1366407141810701,1
1.0,1.4946932787305578,0.13624741245919098,1
1.0,1.502256771869403,0.13585191208438796,1
1.0,1.509858538030062,0.13545421351642747,1
1.0,1.5174987708828627,0.13505431743870186,1
1.0,1.52517766507815,0.13465222476114092,1
1.0,1.5328954162512443,0.13424793662312037,1
1.0,1.540652221027426,0.1338414543963661,1
1.0,1.548448277026945,0.13343277968785383,1
1.0,1.5562837828700564,0.13302191434270216,1
1.0,1.5641589381820753,0.13260886044705975,1
1.0,1.5720739435984719,0.1321936203309829,1
1.0,1.5800290007699762,0.13177619657130688,1
1.0,1.5880243123677176,0.13135659199450472,1
1.0,1.5960600820883883,0.13093480967953683,1
1.0,1.6041365146594326,0.13051085296068846,1
1.0,1.6122538158442634,0.13008472543039357,1
1.0,1.6204121924475035,0.12965643094204535,1
1.0,1.6286118523202548,0.1292259736127911,1
1.0,1.6368530043653942,0.12879335782631135,1
1.0,1.6451358585428955,0.12835858823558113,1
1.0,1.6534606258751774,0.12792166976561323,1
1.0,1.6618275184524822,0.12748260761618127,1
1.0,1.6702367494382768,0.12704140726452237,1
1.0,1.6786885330746848,0.12659807446801752,1
1.0,1.687183084687946,0.12615261526684893,1
1.0,1.695720620693896,0.12570503598663282,1
1.0,1.7043013586034887,0.12525534324102625,1
1.0,1.7129255170283333,0.12480354393430745,1
1.0,1.7215933156862628,0.12434964526392761,1
1.0,1.7303049754069342,0.12389365472303326,1
1.0,1.7390607181374529,0.1234355801029577,1
1.0,1.7478607669480286,0.1229754294956806,1
1.0,1.7567053460376572,0.12251321129625377,1
1.0,1.7655946807398333,0.12204893420519236,1
1.0,1.7745289975282912,0.12158260723082984,1
1.0,1.7835085240227748,0.1211142396916352,1
1.0,1.7925334889948359,0.12064384121849182,1
1.0,1.8016041223736639,0.12017142175693502,1
1.0,1.8107206552519421,0.11969699156934921,1
1.0,1.8198833198917372,0.11922056123712048,1
1.0,1.8290923497304148,0.11874214166274571,1
1.0,1.8383479793865893,0.11826174407189473,1
1.0,1.8476504446660946,0.11777938001542598,1
1.0,1.8569999825680015,0.11729506137135207,1
1.0,1.8663968312906491,0.11680880034675584,1
1.0,1.8758412302377152,0.1163206094796538,1
1.0,1.8853334200243155,0.11583050164080673,1
1.0,1.8948736424831338,0.11533849003547494,1
1.0,1.9044621406705828,0.11484458820511707,1
1.0,1.9140991588729972,0.11434881002903126,1
1.0,1.9237849426128568,0.11385116972593642,1
1.0,1.9335197386550416,0.11335168185549273,1
1.0,1.9433037950131191,0.11285036131975935,1
1.0,1.953137360955663,0.11234722336458848,1
1.0,1.963020687012603,0.11184228358095316,1
1.0,1.9729540249816084,0.11133555790620822,1
1.0,1.982937627934503,0.11082706262528222,1
1.0,1.9929717502237139,0.11031681437179947,1
1.0,2.003056647488745,0.10980483012913003,1
1.0,2.0131925766627,0.10929112723136558,1
1.0,2.023379795978823,0.10877572336422121,1
1.0,2.0336185649770764,0.10825863656586063,1
1.0,2.043909144510756,0.10773988522764222,1
1.0,2.0542517967531344,0.10721948809478664,1
1.0,2.064646785204142,0.10669746426696243,1
1.0,2.0750943746970805,0.10617383319878922,1
1.0,2.0855948314053676,0.10564861470025647,1
1.0,2.0961484228493212,0.10512182893705636,1
1.0,2.1067554179029737,0.10459349643082926,1
1.0,2.1174160868009215,0.10406363805932038,1
1.0,2.1281307011452113,0.10353227505644595,1
1.0,2.138899533912258,0.10299942901226773,1
1.0,2.149722859459801,0.1024651218728733,1
1.0,2.1606009535338946,0.10192937594016235,1
1.0,2.1715340932759264,0.10139221387153664,1
1.0,2.1825225572296882,0.10085365867949078,1
1.0,2.193566625348468,0.1003137337311055,1
1.0,2.2046665790021795,0.09977246274743899,1
1.0,2.215822700984535,0.09922986980281653,1
1.0,2.2270352755202474,0.09868597932401689,1
1.0,2.238304588272272,0.09814081608935334,1
1.0,2.249630926349086,0.09759440522764869,1
1.0,2.2610145783120004,0.09704677221710281,1
1.0,2.272455834182513,0.09649794288405109,1
1.0,2.283954985449699,0.09594794340161293,1
1.0,2.295512325077634,0.09539680028822865,1
1.0,2.3071281475128598,0.09484454040608402,1
1.0,2.3188027486918865,0.09429119095942011,1
1.0,2.33053642604873,0.09373677949272939,1
1.0,2.3423294785224944,0.09318133388883437,1
1.0,2.3541822065649773,0.09262488236684975,1
1.0,2.3660949121483386,0.09206745348002562,1
1.0,2.3780678987727852,0.09150907611347148,1
1.0,2.3901014714743045,0.0909497794817597,1
1.0,2.402195936832437,0.09038959312640728,1
1.0,2.4143516029780865,0.08982854691323582,1
1.0,2.4265687796013693,0.08926667102960702,1
1.0,2.4388477779595066,0.08870399598153521,1
1.0,2.4511889108847527,0.0881405525906739,1
1.0,2.463592492792364,0.08757637199117681,1
1.0,2.4760588396886125,0.08701148562643246,1
1.0,2.488588269178834,0.08644592524567131,1
1.0,2.5011811004755207,0.08587972290044472,1
1.0,2.5138376544064536,0.08531291094097594,1
1.0,2.526558253422877,0.08474552201238114,1
1.0,2.5393432216077123,0.0841775890507619,1
1.0,2.552192884683818,0.0836091452791663,1
1.0,2.565107570022278,0.08304022420342112,1
1.0,2.5780876066507568,0.0824708596078312,1
1.0,2.591133325261873,0.0819010855507493,1
1.0,2.6042450582216254,0.08133093636001408,1
1.0,2.617423139577862,0.08076044662825589,1
1.0,2.63066790506879,0.08018965120807185,1
1.0,2.6439796921315293,0.0796185852070683,1
1.0,2.6573588399107098,0.07904728398277175,1
1.0,2.6708056892671106,0.07847578313740847,1
1.0,2.6843205827863463,0.07790411851255152,1
1.0,2.6979038647875937,0.07733232618363758,1
1.0,2.7115558813323632,0.07676044245435158,1
1.0,2.7252769802333177,0.07618850385088059,1
1.0,2.7390675110631304,0.07561654711603806,1
1.0,2.7529278251633955,0.07504460920325673,1
1.0,2.766858275653578,0.07447272727045298,1
1.0,2.78085921744,0.0739009386737621,1
1.0,2.7949310072249025,0.07332928096114488,1
1.0,2.8090740035155166,0.07275779186586676,1
1.0,2.823288566633204,0.07218650929985074,1
1.0,2.837575058722636,0.07161547134690394,1
1.0,2.8519338437610187,0.07104471625581965,1
1.0,2.8663652875673673,0.07047428243335506,1
1.0,2.8808697578118267,0.06990420843708668,1
1.0,2.895447624025036,0.0693345329681443,1
1.0,2.9100992576075453,0.06876529486382417,1
1.0,2.9248250318392777,0.06819653309008383,1
1.0,2.939625321889038,0.06762828673391935,1
1.0,2.9545005048240727,0.06706059499562583,1
1.0,2.9694509596196754,0.06649349718094519,1
1.0,2.9844770671688416,0.06592703269309948,1
1.0,2.9995792102919774,0.06536124102471409,1
1.0,3.0147577737466382,0.06479616174963257,1
1.0,3.0300131442373517,0.0642318345146225,1
1.0,3.0453457104254555,0.06366829903097786,1
1.0,3.060755862939005,0.06310559506601755,1
1.0,3.0762439943827227,0.06254376243448308,1
1.0,3.091810499348002,0.06198284098983781,1
1.0,3.1074557744229585,0.06142287061546982,1
1.0,3.123180218202538,0.060863891215800735,1
1.0,3.138984231298666,0.060305942707303474,1
1.0,3.1548682163504593,0.059749065009431286,1
1.0,3.1708325780344793,0.059193298035460334,1
1.0,3.1868777230750456,0.05863868168324934,1
1.0,3.2030040602545964,0.058085255825918704,1
1.0,3.2192120004241036,0.05753306030245215,1
1.0,3.23550195651354,0.056982134908223424,1
1.0,3.2518743435424025,0.0564325193854524,1
1.0,3.2683295786302726,0.055884253413592475,1
1.0,3.284868081007463,0.0553373765996529,1
1.0,3.3014902720256853,0.05479192846845939,1
1.0,3.318196575168788,0.054247948452857526,1
1.0,3.3349874160635467,0.05370547588386016,1
1.0,3.351863222490505,0.05316454998074453,1
1.0,3.3688244243948757,0.05262520984110172,1
1.0,3.3858714538974946,0.0520874944308422,1
1.0,3.403004745305827,0.05155144257416187,1
1.0,3.420224735125035,0.05101709294347179,1
1.0,3.437531862069098,0.05048448404929565,1
1.0,3.4549265670719893,0.04995365423013981,1
1.0,3.4724092932989095,0.049424641642338694,1
1.0,3.4899804861575774,0.04889748424988095,1
1.0,3.5076405933095782,0.04837221981421971,1
1.0,3.525390064681768,0.04784888588407169,1
1.0,3.5432293524777405,0.0473275197852093,1
1.0,3.5611589111893323,0.04680815861025094,1
1.0,3.5791791976082252,0.04629083920845185,1
1.0,3.5972906708375687,0.045775598175503016,1
1.0,3.6154937923036803,0.04526247184334021,1
1.0,3.6337890257678005,0.04475149626996943,1
1.0,3.65217683733791,0.044242707229312166,1
1.0,3.6706576954806027,0.04373614020107647,1
1.0,3.6892320710330213,0.04323183036065763,1
1.0,3.7079004372148545,0.04272981256907384,1
1.0,3.7266632696403907,0.0422301213629415,1
1.0,3.7455210463306368,0.041732790944495134,1
1.0,3.764474247725496,0.04123785517165684,1
1.0,3.7835233566960094,0.040745347548160296,1
1.0,3.8026688585566557,0.04025530121373437,1
1.0,3.8219112410777183,0.03976774893435121,1
1.0,3.8412509944977136,0.039282723092543784,1
1.0,3.8606886115358674,0.0388002556777988,1
1.0,3.880224587404689,0.03832037827702844,1
1.0,3.8998594198225747,0.037843122065127695,1
1.0,3.9195936090264905,0.03736851779562171,1
1.0,3.9394276577847163,0.03689659579140803,1
1.0,3.959362071409656,0.036427385935599146,1
1.0,3.979397357770712,0.035960917662470684,1
1.0,3.999534027307221,0.035497219948520016,1
1.0,4.0,0.035486550346922476,1
1.0,4.019772593041462,0.035036321303640434,0
1.0,4.040113570591726,0.03457824976241625,0
1.0,4.060557478185449,0.034123032875543864,0
1.0,4.08110483667242,0.03367069770138339,0
1.0,4.101756169538048,0.033221270797646744,0
1.0,4.122512002916697,0.03277477821322653,0
1.0,4.143372865605094,0.03233124548017092,0
1.0,4.164339289075804,0.03189069760580968,0
1.0,4.185411807490753,0.03145315906503626,0
1.0,4.206590957714861,0.031018653792750112,0
1.0,4.2278772793297055,0.030587205176465286,0
1.0,4.249271314647271,0.030158836049089317,0
1.0,4.270773608723768,0.029733568681877046,0
1.0,4.292384709373514,0.029311424777564595,0
1.0,4.314105167182895,0.028892425463687782,0
1.0,4.335935535524389,0.02847659128608921,0
1.0,4.357876370570673,0.028063942202619475,0
1.0,4.379928231308778,0.027654497577035694,0
1.0,4.402091679554343,0.027248276173102735,0
1.0,4.424367279965924,0.026845296148900532,0
1.0,4.446755600059379,0.02644557505134225,0
1.0,4.469257210222326,0.026049129810907238,0
1.0,4.491872683728676,0.025655976736592402,0
1.0,4.514602596753247,0.025266131511086105,0
1.0,4.537447528386417,0.024879609186169,0
1.0,4.560408060648908,0.024496424178343613,0
1.0,4.583484778506599,0.024116590264698597,0
1.0,4.606678269885433,0.0237401205790093,0
1.0,4.629989125686389,0.023367027608078718,0
1.0,4.653417939800546,0.022997323188322007,0
1.0,4.676965309124206,0.0226310185025972,0
1.0,4.700631833574107,0.022268124077285675,0
1.0,4.724418116102702,0.02190864977962465,0
1.0,4.748324762713522,0.02155260481529464,0
1.0,4.772352382476619,0.02119999772626425,0
1.0,4.796501587544076,0.020850836388894796,0
1.0,4.820772993165611,0.020505128012306993,0
1.0,4.845167217704244,0.020162879137011553,0
1.0,4.869684882652058,0.019824095633805806,0
1.0,4.894326612646027,0.01948878270293832,0
1.0,4.919093035483938,0.019156944873542442,0
1.0,4.943984782140364,0.018828586003341218,0
1.0,4.969002486782773,0.018503709278623624,0
1.0,4.994146786787659,0.01818231721449465,0
1.0,5.019418322756788,0.01786441165539909,0
1.0,5.044817738533522,0.01754999377592039,0
1.0,5.070345681219215,0.017239064081854785,0
1.0,5.096002801189705,0.016931622411561452,0
1.0,5.1217897521118845,0.016627667937588433,0
1.0,5.147707190960347,0.016327199168575123,0
1.0,5.173755778034131,0.01603021395143029,0
1.0,5.1999361769735435,0.015736709473786067,0
1.0,5.226249054777059,0.015446682266726826,0
1.0,5.252695081818323,0.015160128207792806,0
1.0,5.279274931863224,0.014877042524256954,0
1.0,5.305989282087063,0.014597419796674498,0
1.0,5.332838813091809,0.014321253962703657,0
1.0,5.359824208923417,0.014048538321196256,0
1.0,5.386946157089291,0.013779265536556033,0
1.0,5.4142053485757735,0.013513427643363754,0
1.0,5.441602477865758,0.013251016051266409,0
1.0,5.469138242956384,0.012992021550128196,0
1.0,5.4968133453768155,0.012736434315441582,0
1.0,5.524628490206116,0.012484243913995073,0
1.0,5.552584386091211,0.012235439309795416,0
1.0,5.580681745264947,0.011990008870240963,0
1.0,5.608921283564229,0.011747940372543323,0
1.0,5.637303720448265,0.011509221010393617,0
1.0,5.66582977901689,0.011273837400870223,0
1.0,5.694500186028993,0.011041775591583848,0
1.0,5.723315671921031,0.010813021068056327,0
1.0,5.752276970825637,0.010587558761329177,0
1.0,5.781384820590331,0.010365373055797248,0
1.0,5.810639962796294,0.01014644779726369,0
1.0,5.840043142777298,0.00993076630121076,0
1.0,5.869595109638668,0.009718311361282705,0
1.0,5.899296616276375,0.009509065257975178,0
1.0,5.9291484193962205,0.00930300976752616,0
1.0,5.959151279533109,0.009100126171003513,0
1.0,5.989305961070428,0.008900395263583338,0
1.0,6.019613232259521,0.008703797364013856,0
1.0,6.050073865239263,0.008510312324259127,0
1.0,6.080688636055727,0.0083199195393167,0
1.0,6.11145832468196,0.00813259795720327,0
1.0,6.142383715037853,0.007948326089102247,0
1.0,6.173465595010112,0.00776708201966707,0
1.0,6.2047047564723306,0.007588843417473821,0
1.0,6.236101995305168,0.007413587545616817,0
1.0,6.267658111416628,0.007241291272440366,0
1.0,6.299373908762415,0.007071931082400561,0
1.0,6.331250195366454,0.00690548308704939,0
1.0,6.363287783341452,0.006741923036135299,0
1.0,6.395487488909592,0.006581226328812653,0
1.0,6.427850132423332,0.006423368024953168,0
1.0,6.4603765383863,0.00626832285655223,0
1.0,6.493067535474307,0.006116065239222806,0
1.0,6.525923956556449,0.005966569283769994,0
1.0,6.558946638716338,0.005819808807838344,0
1.0,6.59213642327342,0.0056757573476251535,0
1.0,6.625494155804409,0.005534388169651937,0
1.0,6.659020686164837,0.005395674282586762,0
1.0,6.692716868510698,0.005259588449109914,0
1.0,6.726583561320213,0.005126103197815442,0
1.0,6.760621627415704,0.004995190835140959,0
1.0,6.794831933985568,0.0048668234573182164,0
1.0,6.829215352606388,0.0047409729623368235,0
1.0,6.8637727592651006,0.00461761106191382,0
1.0,6.898505034381362,0.0044967092934610495,0
1.0,6.933413062829946,0.00437823903204336,0
1.0,6.968497733963299,0.004262171502319871,0
1.0,7.003759941634197,0.004148477790460757,0
1.0,7.039200584218514,0.004037128856032359,0
1.0,7.074820564638117,0.003928095543842995,0
1.0,7.110620790383862,0.003821348595742298,0
1.0,7.1466021735387235,0.003716858662366755,0
1.0,7.182765630801023,0.0036145963148241705,0
1.0,7.219112083507786,0.0035145320563100607,0
1.0,7.2556424576582215,0.003416636333648774,0
1.0,7.292357683937302,0.0033208795487524247,0
1.0,7.329258697739485,0.0032272320699907836,0
1.0,7.366346439192538,0.003135664243465297,0
1.0,7.403621853181502,0.0030461464041805684,0
1.0,7.4410858893727285,0.0029586488871067946,0
1.0,7.478739502238125,0.002873142038126566,0
1.0,7.516583651079438,0.0027895962248598656,0
1.0,7.554619300052705,0.002707981847361005,0
1.0,7.592847418192814,0.0026282693486814114,0
1.0,7.631268979438192,0.002550429225292415,0
1.0,7.6698849626556225,0.0024744320373621897,0
1.0,7.708696351665178,0.0024002484188813096,0
1.0,7.747704135265289,0.00232784908763139,0
1.0,7.786909307257935,0.0022572048549915806,0
1.0,7.8263128664739625,0.0021882866355777304,0
1.0,7.865915816798531,0.0021210654567092742,0
1.0,7.905719167196694,0.0020555124676990984,0
1.0,7.945723931739099,0.0019915989489617176,0
1.0,7.985931129627826,0.0019292963209354267,0
1.0,8.026341785222359,0.0018685761528140783,0
1.0,8.066956928065656,0.001809410171084629,0
1.0,8.107777592910423,0.001751770267866374,0
1.0,8.148804819745447,0.0016956285090484495,0
1.0,8.190039653822094,0.0016409571422220236,0
1.0,8.231483145680949,0.001587728604403954,0
1.0,8.273136351178572,0.0015359155295489252,0
1.0,8.315000331514401,0.0014854907558471584,0
1.0,8.35707615325779,0.0014364273328051564,0
1.0,8.399364888375175,0.0013886985281069885,0
1.0,8.441867614257397,0.0013422778342539836,0
1.0,8.48458541374714,0.0012971389749808198,0
1.0,8.52751937516652,0.0012532559114462314,0
1.0,8.570670592344817,0.0012106028481967863,0
1.0,8.61404016464634,0.001169154238902372,0
1.0,8.657629196998432,0.0011288847918623226,0
1.0,8.701438799919636,0.0010897694752811332,0
1.0,8.745470089547949,0.0010517835223132746,0
1.0,8.789724187669304,0.0010149024358763635,0
1.0,8.83420222174613,0.0009791019932326075,0
1.0,8.878905324946071,0.0009443582503383869,0
1.0,8.923834636170861,0.0009106475459620857,0
1.0,8.968991300085342,0.000877946505570554,0
1.0,9.014376467146624,0.0008462320449847322,0
1.0,9.059991293633392,0.000815481373805206,0
1.0,9.105836941675372,0.0007856719986086163,0
1.0,9.151914579282936,0.0007567817259160983,0
1.0,9.198225380376853,0.0007287886649350648,0
1.0,9.244770524818207,0.0007016712300758834,0
1.0,9.291551198438448,0.0006754081432451545,0
1.0,9.338568593069612,0.0006499784359174756,0
1.0,9.385823906574672,0.0006253614509878038,0
1.0,9.433318342878072,0.000601536844406619,0
1.0,9.481053111996399,0.0005784845866003563,0
1.0,9.529029430069173,0.0005561849636796824,0
1.0,9.577248519389888,0.0005346185784383072,0
1.0,9.625711608437124,0.0005137663511453351,0
1.0,9.674419931905836,0.0004936095201341281,0
1.0,9.72337473073883,0.00047412964219091937,0
1.0,9.772577252158358,0.0004553085927464924,0
1.0,9.822028749697916,0.00043712856587442924,0
1.0,9.87173048323416,0.0004195720740995077,0
1.0,9.92168371901902,0.0004026219480199794,0
1.0,9.971889729711949,0.00038626133574758327,0
1.0,10.022349794412351,0.0003704737021692392,0
1.0,10.073065198692168,0.00035524282803448535,0
1.0,10.124037234628636,0.0003405528088728177,0
1.0,10.175267200837197,0.0003263880537451989,0
1.0,10.226756402504588,0.0003127332838340523,0
1.0,10.278506151422102,0.0002995735308761863,0
1.0,10.33051776601897,0.0002868941354431377,0
1.0,10.382792571396006,0.00027468074507347554,0
1.0,10.435331899359337,0.0002629193122617319,0
1.0,10.488137088454327,0.00025159609230860546,0
1.0,10.541209483999697,0.0002406976410371795,0
1.0,10.594550438121788,0.00023021081237992974,0
1.0,10.648161309789012,0.00022012275584132012,0
1.0,10.702043464846476,0.00021042091384083317,0
1.0,10.756198276050778,0.00020109301894129128,0
1.0,10.81062712310498,0.00019212709096735,0
1.0,10.865331392693765,0.0001835114340190488,0
1.0,10.920312478518756,0.00017523463338532403,0
1.0,10.975571781334029,0.00016728555236236733,0
1.0,11.0311107089818,0.0001596533289817262,0
1.0,11.08693067642829,0.00015232737265301617,0
1.0,11.143033105799791,0.0001452973607261049,0
1.0,11.199419426418844,0.00013855323497760782,0
1.0,11.256091074840727,0.00013208519802647862,0
1.0,11.313049494890011,0.00012588370968349486,0
1.0,11.370296137697352,0.00011993948323934367,0
1.0,11.427832461736458,0.00011424348169600952,0
1.0,11.485659932861253,0.00010878691394608746,0
1.0,11.543780024343226,0.00010356123090461495,0
1.0,11.60219421690895,9.855812159793779e-05,0
1.0,11.660903998777824,9.376950921407244e-05,0
1.0,11.719910865699978,8.91875471189567e-05,0
1.0,11.779216320994381,8.480461484290928e-05,0
1.0,11.838821875587149,8.061331404154179e-05,0
1.0,11.898729048050027,7.660646443529184e-05,0
1.0,11.958939364639088,7.27770997316588e-05,0
1.0,12.01945435933361,6.911846353413788e-05,0
1.0,12.080275573875173,6.562400524176443e-05,0
1.0,12.14140455780689,6.228737594308346e-05,0
1.0,12.202842868512958,5.910242430825879e-05,0
1.0,12.264592071258283,5.6063192482960663e-05,0
1.0,12.326653739228373,5.316391198754158e-05,0
1.0,12.389029453569417,5.0398999624931104e-05,0
1.0,12.451720803428573,4.7763053400566646e-05,0
1.0,12.514729385994448,4.525084845757371e-05,0
1.0,12.57805680653779,4.285733303030255e-05,0
1.0,12.64170467845239,4.057762441921878e-05,0
1.0,12.705674623296185,3.8407004990038785e-05,0
1.0,12.769968270832567,3.634091819988551e-05,0
1.0,12.834587259071911,3.437496465313501e-05,0
1.0,12.8995332343133,3.250489818950687e-05,0
1.0,12.964807851186468,3.0726622006843896e-05,0
1.0,13.030412772693962,2.9036184820910757e-05,0
1.0,13.096349670253506,2.7429777064431882e-05,0
1.0,13.162620223740593,2.590372712747379e-05,0
1.0,13.229226121531237,2.445449764116916e-05,0
1.0,13.296169060545063,2.307868180666197e-05,0
1.0,13.36345074628849,2.1772999771051185e-05,0
1.0,13.431072892898191,2.0534295051993665e-05,0
1.0,13.499037223184766,1.9359531012519446e-05,0
1.0,13.567345468676638,1.82457873875078e-05,0
1.0,13.63599936966416,1.7190256863162142e-05,0
1.0,13.705000675243957,1.6190241710718917e-05,0
1.0,13.774351143363488,1.5243150475521632e-05,0
1.0,13.844052540865828,1.4346494722488391e-05,0
1.0,13.914106643534694,1.3497885838902184e-05,0
1.0,13.984515236139673,1.2695031895354069e-05,0
1.0,14.055280112481697,1.1935734565573295e-05,0
1.0,14.126403075438747,1.1217886105784027e-05,0
1.0,14.197885937011785,1.0539466394136746e-05,0
1.0,14.269730518370928,9.898540030671357e-06,0
1.0,14.34193864990179,9.293253498183583e-06,0
1.0,14.414512171252204,8.721832384277772e-06,0
1.0,14.487452931379034,8.182578664810815e-06,0
1.0,14.560762788595287,7.673868048848702e-06,0
1.0,14.634443610617469,7.194147385180347e-06,0
1.0,14.708497274613157,6.741932130359577e-06,0
1.0,14.782925667248833,6.315803878172512e-06,0
1.0,14.857730684737945,5.914407950359527e-06,0
1.0,14.932914232889223,5.5364510483527474e-06,0
1.0,15.008478227155223,5.180698965727495e-06,0
1.0,15.084424592681138,4.84597436100381e-06,0
1.0,15.160755264353838,4.531154590376298e-06,0
1.0,15.237472186851171,4.235169599894911e-06,0
1.0,15.314577314691498,3.956999876566127e-06,0
1.0,15.392072612283497,3.6956744577942603e-06,0
1.0,15.469960053976227,3.450268998535109e-06,0
1.0,15.548241624109355,3.2199038954899697e-06,0
1.0,15.626919317063818,3.003742467625287e-06,0
1.0,15.705995137312563,2.8009891922656775e-06,0
1.0,15.78547109947163,2.610887995970014e-06,0
1.0,15.865349228351489,2.4327205993674085e-06,0
1.0,15.94563155900861,2.2658049150984957e-06,0
1.0,16.026320136797324,2.1094934979785656e-06,0
1.0,16.107417017421927,1.9631720464732154e-06,0
1.0,16.188924266989048,1.8262579545533121e-06,0
1.0,16.270843962060304,1.6981989129747411e-06,0
1.0,16.35317818970518,1.5784715590096342e-06,0
1.0,16.43592904755422,1.4665801736388304e-06,0
1.0,16.51909864385247,1.3620554252011475e-06,0
1.0,16.602689097513174,1.26445315848247e-06,0
1.0,16.686702538171765,1.1733532282177601e-06,0
1.0,16.771141106240144,1.0883583759705752e-06,0
1.0,16.856006952961145,1.0090931493488688e-06,0
1.0,16.94130224046343,9.352028625109832e-07,0
1.0,17.027029141816513,8.663525969138503e-07,0
1.0,17.113189841086147,8.022262412540654e-07,0
1.0,17.199786533389965,7.42525569553703e-07,0
1.0,17.286821424953395,6.869693563451836e-07,0
1.0,17.374296733165878,6.352925279133353e-07,0
1.0,17.462214686637356,5.872453485584533e-07,0
1.0,17.550577525255054,5.425926408507822e-07,0
1.0,17.639387500240545,5.011130388550518e-07,0
1.0,17.7286468742071,4.62598273312989e-07,0
1.0,17.818357921217334,4.2685248778217686e-07,0
1.0,17.90852292684115,3.936915847412088e-07,0
1.0,17.999144188213958,3.629426006836207e-07,0
1.0,18.090224014095202,3.3444310923655446e-07,0
1.0,18.181764724927188,3.0804065135445955e-07,0
1.0,18.27376865289421,2.8359219165328345e-07,0
1.0,18.366238141981896,2.609635999664584e-07,0
1.0,18.45917554803704,2.40029157220479e-07,0
1.0,18.552583238827555,2.2067108474510163e-07,0
1.0,18.64646359410279,2.0277909615072782e-07,0
1.0,18.740819005654185,1.862499709237504e-07,0
1.0,18.8356518773762,1.7098714890916663e-07,0
1.0,18.930964625327544,1.5690034486869037e-07,0
1.0,19.026759677792754,1.43905182321785e-07,0
1.0,19.12303947534404,1.3192284589654557e-07,0
1.0,19.219806470903475,1.2087975143699584e-07,0
1.0,19.31706312980548,1.1070723313321282e-07,0
1.0,19.41481192985964,1.013412469606032e-07,0
1.0,19.513055361413823,9.272208973465742e-08,0
1.0,19.611795927417646,8.479413310751304e-08,0
1.0,19.711036143486215,7.750557185264159e-08,0
1.0,19.81077853796426,7.080818580390277e-08,0
1.0,19.911025651990446,6.465711483505148e-08,0
1.0,20.01178003956226,5.9010646285451974e-08,0
1.0,20.113044267600984,5.383001425734763e-08,0
1.0,20.2148209160171,4.907921022932847e-08,0
1.0,20.31711257777605,4.472480444979911e-08,0
1.0,20.419921858964276,4.0735777593129455e-08,0
1.0,20.523251378855612,3.7083362179782715e-08,0
1.0,20.62710376997803,3.3740893280040765e-08,0
1.0,20.7314816781807,3.068366803896791e-08,0
1.0,20.836387762701392,2.7888813577936875e-08,0
1.0,20.941824696234242,2.533516284538473e-08,0
1.0,21.047795164997837,2.3003138006453265e-08,0
1.0,21.154301868803646,2.0874640977776024e-08,0
1.0,21.2613475211248,1.8932950729907394e-08,0
1.0,21.36893484916525,1.7162626995722027e-08,0
1.0,21.47706659392923,1.5549420038551875e-08,0
1.0,21.585745510291034,1.408018614885424e-08,0
1.0,21.69497436706532,1.2742808552815092e-08,0
1.0,21.804755947077567,1.1526123430501456e-08,0
1.0,21.91509304723499,1.041985075494117e-08,0
1.0,22.025988478597803,9.414529676875181e-09,0
1.0,22.13744506645083,8.501458192858404e-09,0
1.0,22.249465650375495,7.67263684690038e-09,0
1.0,22.362053084322156,6.920716227931048e-09,0
1.0,22.475210236682816,6.238948037054192e-09,0
1.0,22.588939990364207,5.621139509813551e-09,0
1.0,22.70324524286124,5.061610989551404e-09,0
1.0,22.818128906330806,4.5551564583865075e-09,0
1.0,22.933593907665998,4.097006842388324e-09,0
1.0,23.04964318857065,3.682795917180256e-09,0
1.0,23.166279705634306,3.3085286494736918e-09,0
1.0,23.283506430407535,2.970551818925537e-09,0
1.0,23.401326349477653,2.6655267732299743e-09,0
1.0,23.519742464544738,2.3904041775108724e-09,0
1.0,23.63875779249823,2.142400626880274e-09,0
1.0,23.7583753654937,1.918976998483919e-09,0
1.0,23.878598231030125,1.7178184264693773e-09,0
1.0,23.99942945202754,1.536815790101695e-09,0
1.0,24.120872106905058,1.374048611720864e-09,0
1.0,24.242929289659294,1.2277692673956163e-09,0
1.0,24.365604109943213,1.0963884189891871e-09,0
1.0,24.488899693145335,9.784615819234898e-10,0
1.0,24.612819180469376,8.726767482190483e-10,0
1.0,24.737365729014257,7.778429894085724e-10,0
1.0,24.862542511854556,6.928799686816652e-10,0
1.0,24.98835271812134,6.168082961270691e-10,0
1.0,25.11479955308341,5.487406652058781e-10,0
1.0,25.24188623822898,4.878737126245321e-10,0
1.0,25.369616011347745,4.334805475889322e-10,0
1.0,25.497992126613305,3.8490390002018893e-10,0
1.0,25.627017854666196,3.4154984070712257e-10,0
1.0,25.75669648269713,3.0288202957024926e-10,0
1.0,25.887031314530763,2.6841645122403245e-10,0
1.0,26.018025670709857,2.377165998586755e-10,0
1.0,26.1496828885799,2.103890781267103e-10,0
1.0,26.282006322374112,1.860795772220005e-10,0
1.0,26.414999343298913,1.64469207686905e-10,0
1.0,26.548665339619795,1.452711526850941e-10,0
1.0,26.683007716747667,1.2822761754021979e-10,0
1.0,26.8180298973256,1.1310705127141531e-10,0
1.0,26.95373532131603,9.970161766238804e-11,0
1.0,27.090127446088392,8.782489508835333e-11,0
1.0,27.227209746507217,7.730978590059638e-11,0
1.0,27.364985715020644,6.800661763830892e-11,0
1.0,27.50345886174944,5.978141970736297e-11,0
1.0,27.64263271457631,5.251436044167254e-11,0
1.0,27.782510819235945,4.6098330650050147e-11,0
1.0,27.923096739405235,4.043766085542339e-11,0
1.0,28.06439405679411,3.5446960458698695e-11,0
1.0,28.20640637123677,3.1050068011383627e-11,0
1.0,28.34913730078342,2.717910266377167e-11,0
1.0,28.492590481792412,2.377360767337277e-11,0
1.0,28.636769569022935,2.0779777615478203e-11,0
1.0,28.78167823572809,1.8149761638173934e-11,0
1.0,28.92732017374849,1.5841035751456102e-11,0
1.0,29.07369909360632,1.381583773788212e-11,0
1.0,29.220818724599848,1.2040658823726704e-11,0
1.0,29.36868281489847,1.0485786758039582e-11,0
1.0,29.517295131638175,9.124895415295662e-12,0
1.0,29.66665946101753,7.93467646827822e-12,0
1.0,29.816779608394178,6.894509074079857e-12,0
1.0,29.967659398381652,5.986163880127694e-12,0
1.0,30.119302674947008,5.193537991255453e-12,0
1.0,30.27171330150863,4.502417845270028e-12,0
1.0,30.424895161034694,3.9002672252148496e-12,0
1.0,30.57885215614209,3.376037893567049e-12,0
1.0,30.73358820919585,2.92000056870557e-12,0
1.0,30.88910726240908,2.5235941788379195e-12,0
1.0,31.045413277943393,2.1792915247486427e-12,0
1.0,31.202510238009857,1.880479661694778e-12,0
1.0,31.360402144970443,1.621353473890589e-12,0
1.0,31.519093021440007,1.396821063565629e-12,0
1.0,31.678586910388756,1.2024197117295048e-12,0
1.0,31.838887875245263,1.03424129063103e-12,0
1.0,32.0,8.888661194770477e-13,0
0.5,0.01,0.027777777773935176,1
0.5,0.010050602309159168,0.027777777773856892,1
0.5,0.01010146067768756,0.027777777773777004,1
0.5,0.010152576401304713,0.02777777777369549,1
0.5,0.010203950782286803,0.027777777773612324,1
0.5,0.010255585129499829,0.02777777777352745,1
0.5,0.01030748075843294,0.027777777773440853,1
0.5,0.010359638991231981,0.027777777773352493,1
0.5,0.010412061156733151,0.02777777777326233,1
0.5,0.010464748590496868,0.027777777773170344,1
0.5,0.010517702634841797,0.027777777773076478,1
0.5,0.010570924638879044,0.02777777777298069,1
0.5,0.010624415958546525,0.027777777772882956,1
0.5,0.010678177956643529,0.027777777772783233,1
0.5,0.010732212002865397,0.027777777772681485,1
0.5,0.01078651947383847,0.027777777772577655,1
0.5,0.010841101753155127,0.027777777772471715,1
0.5,0.010895960231409043,0.027777777772363618,1
0.5,0.010951096306230618,0.027777777772253324,1
0.5,0.011006511382322589,0.027777777772140782,1
0.5,0.011062206871495808,0.027777777772025936,1
0.5,0.011118184192705225,0.02777777777190876,1
0.5,0.011174444772086008,0.0277777777717892,1
0.5,0.011230990042989924,0.0277777777716672,1
0.5,0.011287821446021815,0.02777777777154272,1
0.5,0.011344940429076324,0.027777777771415695,1
0.5,0.01140234844737477,0.027777777771286084,1
0.5,0.011460046963502233,0.027777777771153846,1
0.5,0.011518037447444805,0.027777777771018915,1
0.5,0.011576321376627058,0.027777777770881223,1
0.5,0.011634900235949656,0.02777777777074073,1
0.5,0.011693775517827215,0.027777777770597374,1
0.5,0.011752948722226316,0.02777777777045111,1
0.5,0.01181242135670371,0.02777777777030186,1
0.5,0.011872194936444739,0.027777777770149573,1
0.5,0.011932270984301928,0.02777777776999418,1
0.5,0.01199265103083379,0.027777777769835626,1
0.5,0.012053336614343822,0.027777777769673842,1
0.5,0.012114329280919676,0.027777777769508766,1
0.5,0.012175630584472583,0.02777777776934033,1
0.5,0.012237242086776914,0.02777777776916847,1
0.5,0.01229916535750998,0.02777777776899309,1
0.5,0.012361401974292027,0.02777777776881416,1
0.5,0.012423953522726414,0.027777777768631565,1
0.5,0.012486821596440028,0.02777777776844527,1
0.5,0.012550007797123877,0.027777777768255175,1
0.5,0.01261351373457388,0.02777777776806121,1
0.5,0.012677341026731914,0.02777777776786329,1
0.5,0.012741491299727003,0.027777777767661355,1
0.5,0.012805966187916766,0.027777777767455297,1
0.5,0.012870767333929048,0.02777777776724503,1
0.5,0.012935896388703768,0.0277777777670305,1
0.5,0.013001355011534984,0.0277777777668116,1
0.5,0.013067144870113163,0.027777777766588237,1
0.5,0.01313326764056768,0.027777777766360333,1
0.5,0.01319972500750949,0.02777777776612778,1
0.5,0.01326651866407409,0.0277777777658905,1
0.5,0.013333650311964625,0.027777777765648385,1
0.5,0.013401121661495253,0.027777777765401336,1
0.5,0.013468934431634714,0.027777777765149263,1
0.5,0.013537090350050128,0.027777777764892063,1
0.5,0.013605591153151018,0.02777777776462962,1
0.5,0.013674438586133517,0.027777777764361834,1
0.5,0.013743634403024875,0.027777777764088595,1
0.5,0.01381318036672812,0.027777777763809793,1
0.5,0.013883078249066972,0.027777777763525316,1
0.5,0.013953329830830993,0.02777777776323504,1
0.5,0.014023936901820949,0.02777777776293886,1
0.5,0.01409490126089441,0.02777777776263666,1
0.5,0.014166224716011583,0.027777777762328298,1
0.5,0.014237909084281377,0.02777777776201366,1
0.5,0.01430995619200767,0.027777777761692622,1
0.5,0.014382367874735883,0.027777777761365034,1
0.5,0.01445514597729971,0.02777777776103078,1
0.5,0.014528292353868133,0.027777777760689733,1
0.5,0.014601808867992654,0.02777777776034174,1
0.5,0.014675697392654778,0.027777777759986653,1
0.5,0.014749959810313738,0.02777777775962435,1
0.5,0.014824598012954418,0.02777777775925467,1
0.5,0.014899613902135608,0.027777777758877454,1
0.5,0.01497500938903842,0.027777777758492564,1
0.5,0.015050786394514976,0.027777777758099843,1
0.5,0.015126946849137362,0.027777777757699126,1
0.5,0.015203492693246798,0.02777777775729024,1
0.5,0.01528042587700308,0.027777777756873047,1
0.5,0.015357748360434267,0.02777777775644736,1
0.5,0.015435462113486615,0.027777777756013016,1
0.5,0.015513569116074741,0.027777777755569815,1
0.5,0.015592071358132115,0.027777777755117597,1
0.5,0.015670970839661718,0.027777777754656178,1
0.5,0.015750269570787005,0.027777777754185367,1
0.5,0.015829969571803125,0.027777777753704963,1
0.5,0.015910072873228386,0.027777777753214786,1
0.5,0.015990581515855994,0.027777777752714644,1
0.5,0.016071497550806016,0.02777777775220431,1
0.5,0.016152823039577685,0.02777777775168359,1
0.5,0.016234560054101888,0.027777777751152262,1
0.5,0.016316710676793963,0.02777777775061014,1
0.5,0.016399277000606748,0.027777777750056968,1
0.5,0.0164822611290839,0.027777777749492555,1
0.5,0.016565665176413506,0.027777777748916644,1
0.5,0.01664949126748192,0.027777777748329017,1
0.5,0.016733741537927917,0.02777777774772942,1
0.5,0.01681841813419711,0.027777777747117628,1
0.5,0.016903523213596592,0.027777777746493384,1
0.5,0.01698905894434995,0.02777777774585644,1
0.5,0.017075027505652485,0.027777777745206525,1
0.5,0.017161431087726716,0.02777777774454339,1
0.5,0.017248271891878206,0.027777777743866756,1
0.5,0.01733555213055163,0.02777777774317636,1
0.5,0.01742327402738714,0.0277777777424719,1
0.5,0.017511439817277017,0.027777777741753114,1
0.5,0.017600051746422617,0.0277777777410197,1
0.5,0.017689112072391603,0.02777777774027136,1
0.5,0.017778623064175436,0.0277777777395078,1
0.5,0.017868587002247208,0.027777777738728696,1
0.5,0.01795900617861973,0.02777777773793374,1
0.5,0.018049882896903922,0.027777777737122596,1
0.5,0.018141219472367513,0.027777777736294963,1
0.5,0.01823301823199403,0.02777777773545049,1
0.5,0.01832528151454204,0.02777777773458882,1
0.5,0.018418011670604802,0.027777777733709624,1
0.5,0.018511211062670115,0.02777777773281254,1
0.5,0.0186048820651805,0.02777777773189721,1
0.5,0.018699027064593712,0.027777777730963252,1
0.5,0.018793648459443545,0.027777777730010285,1
0.5,0.018888748660400894,0.027777777729037927,1
0.5,0.018984330090335236,0.027777777728045783,1
0.5,0.01908039518437632,0.02777777772703347,1
0.5,0.01917694638997621,0.027777777726000555,1
0.5,0.019273986166971648,0.02777777772494661,1
0.5,0.019371516987646713,0.027777777723871234,1
0.5,0.01946954133679581,0.027777777722773976,1
0.5,0.019568061711786985,0.027777777721654403,1
0.5,0.019667080622625534,0.027777777720512056,1
0.5,0.019766600592017975,0.027777777719346457,1
0.5,0.01986662415543629,0.027777777718157152,1
0.5,0.019967153861182533,0.027777777716943654,1
0.5,0.020068192270453755,0.027777777715705457,1
0.5,0.02016974195740727,0.027777777714442085,1
0.5,0.020271805509226207,0.027777777713153005,1
0.5,0.020374385526185444,0.02777777771183771,1
0.5,0.020477484621717865,0.02777777771049565,1
0.5,0.020581105422480896,0.0277777777091263,1
0.5,0.020685250568423477,0.027777777707729084,1
0.5,0.0207899227128533,0.027777777706303446,1
0.5,0.0208951245225044,0.02777777770484882,1
0.5,0.021000858677605108,0.027777777703364613,1
0.5,0.021107127871946324,0.027777777701850196,1
0.5,0.02121393481295016,0.027777777700304988,1
0.5,0.02132128222173889,0.027777777698728346,1
0.5,0.02142917283320432,0.027777777697119633,1
0.5,0.021537609396077437,0.027777777695478206,1
0.5,0.021646594672998412,0.027777777693803397,1
0.5,0.021756131440587037,0.027777777692094517,1
0.5,0.021866222489513445,0.027777777690350888,1
0.5,0.021976870624569197,0.027777777688571793,1
0.5,0.022088078664738747,0.027777777686756516,1
0.5,0.02219984944327127,0.027777777684904317,1
0.5,0.02231218580775281,0.027777777683014447,1
0.5,0.022425090620178882,0.02777777768108615,1
0.5,0.022538566757027347,0.027777777679118626,1
0.5,0.022652617109331714,0.027777777677111096,1
0.5,0.022767244582754777,0.02777777767506276,1
0.5,0.022882452097662674,0.02777777767297275,1
0.5,0.022998242589199254,0.027777777670840234,1
0.5,0.023114619007360875,0.02777777766866437,1
0.5,0.02323158431707156,0.027777777666444247,1
0.5,0.023349141498258546,0.027777777664178972,1
0.5,0.02346729354592815,0.027777777661867648,1
0.5,0.023586043470242152,0.027777777659509322,1
0.5,0.023705394296594427,0.027777777657103053,1
0.5,0.02382534906568805,0.02777777765464783,1
0.5,0.023945910833612756,0.02777777765214271,1
0.5,0.024067082671922806,0.027777777649586645,1
0.5,0.024188867667715195,0.027777777646978606,1
0.5,0.024311268923708388,0.02777777764431755,1
0.5,0.024434289558321304,0.02777777764160239,1
0.5,0.024557932705752784,0.02777777763883201,1
0.5,0.02468220151606144,0.02777777763600531,1
0.5,0.024807099155245902,0.02777777763312115,1
0.5,0.024932628805325492,0.027777777630178368,1
0.5,0.025058793664421278,0.02777777762717573,1
0.5,0.025185596946837564,0.027777777624112057,1
0.5,0.025313041883143785,0.027777777620986113,1
0.5,0.025441131720256766,0.027777777617796616,1
0.5,0.02556986972152352,0.02777777761454228,1
0.5,0.02569925916680434,0.027777777611221778,1
0.5,0.02582930335255636,0.027777777607833797,1
0.5,0.02596000559191756,0.02777777760437693,1
0.5,0.026091369214791167,0.027777777600849804,1
0.5,0.026223397567930455,0.027777777597250978,1
0.5,0.026356094015024076,0.027777777593578988,1
0.5,0.02648946193678171,0.027777777589832367,1
0.5,0.026623504731020212,0.0277777775860096,1
0.5,0.02675822581275018,0.02777777758210914,1
0.5,0.026893628614262942,0.027777777578129385,1
0.5,0.027029716585218022,0.027777777574068744,1
0.5,0.02716649319273101,0.027777777569925576,1
0.5,0.027303961921461912,0.027777777565698193,1
0.5,0.027442126273703907,0.0277777775613849,1
0.5,0.02758098976947261,0.027777777556983952,1
0.5,0.02772055594659568,0.027777777552493572,1
0.5,0.027860828360803048,0.027777777547911928,1
0.5,0.028001810585817435,0.02777777754323716,1
0.5,0.028143506213445437,0.027777777538467406,1
0.5,0.02828591885366901,0.02777777753360071,1
0.5,0.028429052134737474,0.027777777528635125,1
0.5,0.028572909703259885,0.027777777523568633,1
0.5,0.02871749522429802,0.027777777518399188,1
0.5,0.028862812381459706,0.027777777513124706,1
0.5,0.029008864876992675,0.027777777507743046,1
0.5,0.029155656431878885,0.02777777750225203,1
0.5,0.02930319078592933,0.027777777496649426,1
0.5,0.029451471697879296,0.027777777490933013,1
0.5,0.029600502945484154,0.027777777485100442,1
0.5,0.02975028832561558,0.027777777479149376,1
0.5,0.029900831654358313,0.027777777473077383,1
0.5,0.030052136767107322,0.02777777746688203,1
0.5,0.0302042075186656,0.02777777746056081,1
0.5,0.03035704778334232,0.027777777454111183,1
0.5,0.03051066145505155,0.02777777744753051,1
0.5,0.030665052447411474,0.027777777440816137,1
0.5,0.030820224693844094,0.027777777433965395,1
0.5,0.030976182147675387,0.02777777742697546,1
0.5,0.031132928782236124,0.02777777741984353,1
0.5,0.03129046859096303,0.027777777412566734,1
0.5,0.031448805587500545,0.02777777740514212,1
0.5,0.031607943805803076,0.027777777397566684,1
0.5,0.03176788730023776,0.027777777389837388,1
0.5,0.03192864014568778,0.02777777738195108,1
0.5,0.03209020643765618,0.027777777373904602,1
0.5,0.03225259029237016,0.027777777365694676,1
0.5,0.03241579584688601,0.02777777735731802,1
0.5,0.032579827259194484,0.027777777348771213,1
0.5,0.03274468870832669,0.02777777734005083,1
0.5,0.03291038439446064,0.027777777331153344,1
0.5,0.033076918539028194,0.027777777322075148,1
0.5,0.03324429538482266,0.027777777312812595,1
0.5,0.03341251919610681,0.027777777303361943,1
0.5,0.03358159425872161,0.02777777729371936,1
0.5,0.03375152488019537,0.02777777728388096,1
0.5,0.03392231538985348,0.027777777273842792,1
0.5,0.03409397013892869,0.027777777263600763,1
0.5,0.03426649350067204,0.027777777253150778,1
0.5,0.03443988987046421,0.027777777242488616,1
0.5,0.0346141636659275,0.027777777231609933,1
0.5,0.03478931932703843,0.027777777220510367,1
0.5,0.03496536131624081,0.027777777209185454,1
0.5,0.03514229411855946,0.027777777197630596,1
0.5,0.03532012224171445,0.027777777185841138,1
0.5,0.03549885021623594,0.027777777173812315,1
0.5,0.03567848259557963,0.027777777161539296,1
0.5,0.03585902395624278,0.027777777149017115,1
0.5,0.036040478897880784,0.027777777136240717,1
0.5,0.03622285204342429,0.027777777123204946,1
0.5,0.0364061480391971,0.02777777710990455,1
0.5,0.036590371555034494,0.02777777709633417,1
0.5,0.036775527284402164,0.027777777082488308,1
0.5,0.036961619944515835,0.0277777770683614,1
0.5,0.03714865427646145,0.02777777705394773,1
0.5,0.0373366350453159,0.02777777703924152,1
0.5,0.037525567040268513,0.027777777024236807,1
0.5,0.037715455074742985,0.027777777008927536,1
0.5,0.03790630398652007,0.027777776993307548,1
0.5,0.0380981186378608,0.027777776977370546,1
0.5,0.03829090391563037,0.02777777696111011,1
0.5,0.03848466473142267,0.027777776944519664,1
0.5,0.038679406021685306,0.027777776927592538,1
0.5,0.038875132747845535,0.027777776910321884,1
0.5,0.039071849896436556,0.02777777689270077,1
0.5,0.039269562479224585,0.027777776874722066,1
0.5,0.03946827553333648,0.027777776856378555,1
0.5,0.039667994121388196,0.02777777683766282,1
0.5,0.03986872333161365,0.02777777681856732,1
0.5,0.04007046827799442,0.027777776799084376,1
0.5,0.040273234100389986,0.027777776779206103,1
0.5,0.040477025964668734,0.027777776758924524,1
0.5,0.04068184906283952,0.027777776738231473,1
0.5,0.040887708613183964,0.027777776717118587,1
0.5,0.041094609860389396,0.02777777669557736,1
0.5,0.04130255807568248,0.02777777667359913,1
0.5,0.04151155855696349,0.02777777665117504,1
0.5,0.04172161662894135,0.027777776628296048,1
0.5,0.04193273764326915,0.027777776604952956,1
0.5,0.04214492697868065,0.02777777658113634,1
0.5,0.042358190041127224,0.027777776556836633,1
0.5,0.04257253226391564,0.02777777653204402,1
0.5,0.04278795910784637,0.027777776506748553,1
0.5,0.04300447606135288,0.027777776480940014,1
0.5,0.043222088640641344,0.02777777645460804,1
0.5,0.043440802389831217,0.027777776427742002,1
0.5,0.04366062288109647,0.027777776400331102,1
0.5,0.043881555714807584,0.027777776372364303,1
0.5,0.044103606519674175,0.02777777634383035,1
0.5,0.04432678095288846,0.02777777631471775,1
0.5,0.04455108470026934,0.027777776285014797,1
0.5,0.04477652347640727,0.027777776254709532,1
0.5,0.045003103024809865,0.02777777622378976,1
0.5,0.04523082911804822,0.027777776192243035,1
0.5,0.04545970755790392,0.02777777616005666,1
0.5,0.04568974417551696,0.02777777612721771,1
0.5,0.04592094483153424,0.027777776093712944,1
0.5,0.0461533154162589,0.027777776059528907,1
0.5,0.046386861849800315,0.027777776024651833,1
0.5,0.04662159008222504,0.027777775989067693,1
0.5,0.04685750609370832,0.027777775952762197,1
0.5,0.047094615894686456,0.027777775915720716,1
0.5,0.04733292552600998,0.02777777587792837,1
0.5,0.047572441059097484,0.027777775839369957,1
0.5,0.04781316859609036,0.027777775800029984,1
0.5,0.04805511427000824,0.02777777575989261,1
0.5,0.048298284244905246,0.027777775718941716,1
0.5,0.04854268471602706,0.027777775677160846,1
0.5,0.0487883219099687,0.027777775634533194,1
0.5,0.04903520208483325,0.027777775591041644,1
0.5,0.049283331530391154,0.027777775546668697,1
0.5,0.04953271656824061,0.02777777550139652,1
0.5,0.04978336355196857,0.027777775455206925,1
0.5,0.05003527886731259,0.02777777540808137,1
0.5,0.05028846893232349,0.027777775360000895,1
0.5,0.05054294019752895,0.027777775310946187,1
0.5,0.050798699146097824,0.02777777526089756,1
0.5,0.05105575229400527,0.027777775209834894,1
0.5,0.051314106190198785,0.02777777515773767,1
0.5,0.051573767416765066,0.027777775104584984,1
0.5,0.05183474258909768,0.027777775050355478,1
0.5,0.05209703835606563,0.027777774995027385,1
0.5,0.052360661400182695,0.02777777493857848,1
0.5,0.05262561843777775,0.0277777748809861,1
0.5,0.052891916219165835,0.02777777482222712,1
0.5,0.05315956152882014,0.027777774762277958,1
0.5,0.053428561185544884,0.027777774701114557,1
0.5,0.05369892204264893,0.02777777463871233,1
0.5,0.05397065098812055,0.02777777457504628,1
0.5,0.0542437549448028,0.02777777451009084,1
0.5,0.05451824087056993,0.027777774443819934,1
0.5,0.05479411575850459,0.027777774376206977,1
0.5,0.0550713866370761,0.027777774307224844,1
0.5,0.05535006057031944,0.027777774236845854,1
0.5,0.05563014465801524,0.02777777416504178,1
0.5,0.05591164603587065,0.027777774091783836,1
0.5,0.05619457187570116,0.02777777401704261,1
0.5,0.056478929385613295,0.027777773940788158,1
0.5,0.05676472581018826,0.02777777386298986,1
0.5,0.05705196843066651,0.027777773783616573,1
0.5,0.05734066456513328,0.027777773702636423,1
0.5,0.057630821568704985,0.02777777362001698,1
0.5,0.05792244683371666,0.027777773535725112,1
0.5,0.058215547789910185,0.027777773449727015,1
0.5,0.058510131904623716,0.02777777336198825,1
0.5,0.058806206682981865,0.027777773272473646,1
0.5,0.059103779668086914,0.027777773181147318,1
0.5,0.059402858441210904,0.02777777308797268,1
0.5,0.05970345062198895,0.027777772992912404,1
0.5,0.06000556386861325,0.027777772895928397,1
0.5,0.06030920587802823,0.027777772796981834,1
0.5,0.06061438438612662,0.027777772696033046,1
0.5,0.06092110716794656,0.027777772593041625,1
0.5,0.061229382037869685,0.027777772487966337,1
0.5,0.0615392168498202,0.02777777238076507,1
0.5,0.06185061949746497,0.027777772271394927,1
0.5,0.06216359791441465,0.027777772159812107,1
0.5,0.06247816007442579,0.027777772045971948,1
0.5,0.06279431399160403,0.027777771929828877,1
0.5,0.06311206772060814,0.027777771811336414,1
0.5,0.06343142935685539,0.02777777169044714,1
0.5,0.06375240703672774,0.027777771567112666,1
0.5,0.06407500893777913,0.027777771441283645,1
0.5,0.06439924327894374,0.027777771312909743,1
0.5,0.0647251183207455,0.027777771181939602,1
0.5,0.0650526423655085,0.027777771048320816,1
0.5,0.06538182375756853,0.027777770911999955,1
0.5,0.0657126708834856,0.0277777707729225,1
0.5,0.06604519217225768,0.027777770631032827,1
0.5,0.0663793960955354,0.027777770486274212,1
0.5,0.06671529116783792,0.027777770338588772,1
0.5,0.06705288594676981,0.02777777018791746,1
0.5,0.0673921890332391,0.027777770034200056,1
0.5,0.0677332090716764,0.027777769877375114,1
0.5,0.0680759547502552,0.027777769717379972,1
0.5,0.068420434801113,0.027777769554150688,1
0.5,0.06876665800057405,0.027777769387622032,1
0.5,0.06911463316937284,0.027777769217727483,1
0.5,0.06946436917287875,0.02777776904439916,1
0.5,0.06981587492132205,0.02777776886756785,1
0.5,0.0701691593700207,0.027777768687162908,1
0.5,0.07052423151960877,0.027777768503112293,1
0.5,0.07088110041626557,0.027777768315342507,1
0.5,0.07123977515194617,0.0277777681237786,1
0.5,0.071600264864613,0.027777767928344063,1
0.5,0.07196257873846876,0.027777767728960918,1
0.5,0.07232672600419025,0.02777776752554957,1
0.5,0.0726927159391637,0.02777776731802882,1
0.5,0.07306055786772102,0.027777767106315895,1
0.5,0.07343026116137738,0.027777766890326284,1
0.5,0.07380183523907004,0.027777766669973846,1
0.5,0.07417528956739822,0.02777776644517065,1
0.5,0.07455063366086424,0.027777766215827063,1
0.5,0.07492787708211614,0.027777765981851606,1
0.5,0.07530702944219107,0.02777776574315097,1
0.5,0.07568810040076035,0.027777765499629986,1
0.5,0.07607109966637529,0.027777765251191553,1
0.5,0.07645603699671487,0.02777776499773666,1
0.5,0.07684292219883412,0.02777776473916427,1
0.5,0.07723176512941406,0.027777764475371322,1
0.5,0.07762257569501274,0.027777764206252727,1
0.5,0.07801536385231775,0.02777776393170122,1
0.5,0.07841013960839974,0.02777776365160744,1
0.5,0.07880691302096751,0.027777763365859815,1
0.5,0.07920569419862418,0.027777763074344514,1
0.5,0.07960649330112472,0.02777776277694548,1
0.5,0.08000932053963479,0.027777762473544243,1
0.5,0.08041418617699099,0.027777762164020035,1
0.5,0.0808211005279621,0.027777761848249632,1
0.5,0.08123007395951211,0.02777776152610732,1
0.5,0.08164111689106424,0.027777761197464917,1
0.5,0.08205423979476642,0.02777776086219161,1
0.5,0.08246945319575795,0.027777760520154012,1
0.5,0.08288676767243788,0.027777760171216043,1
0.5,0.08330619385673436,0.027777759815238903,1
0.5,0.08372774243437557,0.027777759452080983,1
0.5,0.08415142414516193,0.027777759081597866,1
0.5,0.0845772497832397,0.027777758703642248,1
0.5,0.08500523019737606,0.02777775831806385,1
0.5,0.08543537629123546,0.02777775792470937,1
0.5,0.08586769902365735,0.027777757523422483,1
0.5,0.0863022094089355,0.027777757114043712,1
0.5,0.08673891851709853,0.027777756696410343,1
0.5,0.08717783747419199,0.027777756270356477,1
0.5,0.08761897746256166,0.027777755835712844,1
0.5,0.08806234972113873,0.02777775539230679,1
0.5,0.08850796554572592,0.027777754939962228,1
0.5,0.08895583628928534,0.027777754478499523,1
0.5,0.08940597336222762,0.027777754007735432,1
0.5,0.0898583882327028,0.027777753527483108,1
0.5,0.09031309242689238,0.0277777530375519,1
0.5,0.090770097529303,0.02777775253774734,1
0.5,0.09122941518306156,0.027777752027871135,1
0.5,0.0916910570902119,0.02777775150772096,1
0.5,0.09215503501201287,0.027777750977090458,1
0.5,0.09262136076923806,0.02777775043576918,1
0.5,0.09309004624247684,0.02777774988354243,1
0.5,0.09356110337243716,0.027777749320191218,1
0.5,0.09403454416024964,0.027777748745492204,1
0.5,0.09451038066777354,0.02777774815921756,1
0.5,0.09498862501790367,0.027777747561134918,1
0.5,0.0954692893948797,0.02777774695100723,1
0.5,0.09595238604459627,0.027777746328592774,1
0.5,0.09643792727491513,0.027777745693644936,1
0.5,0.09692592545597864,0.027777745045912208,1
0.5,0.09741639302052484,0.027777744385138053,1
0.5,0.0979093424642044,0.02777774371106082,1
0.5,0.09840478634589885,0.027777743023413584,1
0.5,0.09890273728804055,0.027777742321924138,1
0.5,0.0994032079769343,0.027777741606314823,1
0.5,0.09990621116308049,0.027777740876302436,1
0.5,0.10041175966150002,0.027777740131598113,1
0.5,0.10091986635206075,0.027777739371907237,1
0.5,0.10143054417980564,0.027777738596929315,1
0.5,0.10194380615528262,0.027777737806357807,1
0.5,0.10245966535487581,0.027777736999880134,1
0.5,0.10297813492113904,0.027777736177177412,1
0.5,0.10349922806313044,0.027777735337924422,1
0.5,0.10402295805674902,0.02777773448178948,1
0.5,0.1045493382450729,0.02777773360843425,1
0.5,0.10507838203869926,0.027777732717513652,1
0.5,0.10561010291608601,0.027777731808675755,1
0.5,0.10614451442389519,0.027777730881561574,1
0.5,0.10668163017733798,0.027777729935804976,1
0.5,0.10722146386052174,0.02777772897103254,1
0.5,0.1077640292267986,0.02777772798686342,1
0.5,0.10830934009911582,0.027777726982909135,1
0.5,0.10885741037036792,0.027777725958773484,1
0.5,0.10940825400375069,0.027777724914052403,1
0.5,0.10996188503311695,0.027777723848333706,1
0.5,0.11051831756333408,0.027777722761197065,1
0.5,0.11107756577064318,0.027777721652213764,1
0.5,0.11163964390302057,0.027777720520946524,1
0.5,0.11220456628054057,0.02777771936694939,1
0.5,0.1127723472957404,0.02777771818976749,1
0.5,0.11334300141398682,0.027777716988936954,1
0.5,0.11391654317384468,0.027777715763984613,1
0.5,0.11449298718744734,0.02777771451442796,1
0.5,0.11507234814086899,0.02777771323977481,1
0.5,0.11565464079449855,0.027777711939523216,1
0.5,0.11623987998341613,0.027777710613161276,1
0.5,0.11682808061777067,0.027777709260166854,1
0.5,0.11741925768315994,0.027777707880007454,1
0.5,0.11801342624101227,0.02777770647214003,1
0.5,0.1186106014289703,0.027777705036010663,1
0.5,0.11921079846127666,0.027777703571054486,1
0.5,0.11981403262916161,0.027777702076695367,1
0.5,0.12042031930123236,0.027777700552345744,1
0.5,0.12102967392386503,0.02777769899740637,1
0.5,0.1216421120215979,0.02777769741126612,1
0.5,0.122257649197527,0.027777695793301655,1
0.5,0.12287630113370365,0.02777769414287736,1
0.5,0.12349808359153393,0.027777692459344926,1
0.5,0.12412301241218028,0.02777769074204318,1
0.5,0.12475110351696518,0.027777688990297842,1
0.5,0.12538237290777648,0.02777768720342123,1
0.5,0.1260168366674754,0.027777685380712045,1
0.5,0.12665451096030622,0.027777683521455005,1
0.5,0.12729541203230788,0.027777681624920728,1
0.5,0.12793955621172814,0.02777767969036528,1
0.5,0.12858695990943939,0.027777677717030012,1
0.5,0.1292376396193569,0.02777767570414124,1
0.5,0.12989161191885895,0.027777673650909884,1
0.5,0.13054889346920903,0.027777671556531287,1
0.5,0.13120950101598064,0.02777766942018483,1
0.5,0.13187345138948373,0.02777766724103356,1
0.5,0.13254076150519345,0.027777665018224047,1
0.5,0.1332114483641812,0.027777662750885848,1
0.5,0.13388552905354767,0.027777660438131357,1
0.5,0.13456302074685833,0.02777765807905535,1
0.5,0.13524394070458073,0.02777765567273466,1
0.5,0.13592830627452454,0.027777653218227887,1
0.5,0.1366161348922831,0.027777650714574963,1
0.5,0.13730744408167808,0.027777648160796815,1
0.5,0.13800225145520573,0.027777645555895007,1
0.5,0.13870057471448546,0.027777642898851353,1
0.5,0.13940243165071114,0.027777640188627512,1
0.5,0.14010784014510405,0.02777763742416461,1
0.5,0.14081681816936864,0.0277776346043828,1
0.5,0.14152938378615038,0.02777763172818093,1
0.5,0.14224555514949572,0.027777628794436064,1
0.5,0.14296535050531495,0.027777625802003075,1
0.5,0.14368878819184683,0.027777622749714164,1
0.5,0.14441588664012583,0.027777619636378495,1
0.5,0.14514666437445173,0.027777616460781713,1
0.5,0.14588114001286154,0.027777613221685454,1
0.5,0.14661933226760382,0.027777609917826893,1
0.5,0.1473612599456155,0.027777606547918283,1
0.5,0.14810694194900076,0.02777760311064647,1
0.5,0.14885639727551297,0.027777599604672343,1
0.5,0.14960964501903853,0.0277775960286304,1
0.5,0.1503667043700832,0.02777759238112816,1
0.5,0.15112759461626124,0.027777588660745717,1
0.5,0.15189233514278658,0.02777758486603514,1
0.5,0.1526609454329669,0.02777758099551991,1
0.5,0.15343344506869996,0.027777577047694433,1
0.5,0.15420985373097224,0.027777573021023443,1
0.5,0.1549901912003607,0.027777568913941394,1
0.5,0.15577447735753663,0.027777564724851912,1
0.5,0.15656273218377204,0.027777560452127148,1
0.5,0.15735497576144875,0.027777556094107213,1
0.5,0.15815122827457018,0.0277775516490995,1
0.5,0.15895151000927538,0.0277775471153781,1
0.5,0.15975584135435605,0.027777542491183124,1
0.5,0.16056424280177567,0.02777753777472005,1
0.5,0.16137673494719199,0.02777753296415904,1
0.5,0.16219333849048148,0.027777528057634233,1
0.5,0.16301407423626676,0.027777523053243117,1
0.5,0.1638389630944467,0.027777517949045722,1
0.5,0.16466802608072897,0.027777512743063944,1
0.5,0.16550128431716565,0.027777507433280814,1
0.5,0.1663387590326914,0.02777750201763971,1
0.5,0.16718047156366386,0.02777749649404361,1
0.5,0.1680264433544079,0.027777490860354255,1
0.5,0.1688766959577614,0.02777748511439143,1
0.5,0.16973125103562475,0.027777479253932123,1
0.5,0.17059013035951245,0.02777747327670962,1
0.5,0.17145335581110793,0.027777467180412765,1
0.5,0.172320949382821,0.02777746096268503,1
0.5,0.17319293317834816,0.027777454621123656,1
0.5,0.17406932941323555,0.02777744815327874,1
0.5,0.17495016041544534,0.02777744155665236,1
0.5,0.17583544862592418,0.027777434828697607,1
0.5,0.17672521659917517,0.027777427966817637,1
0.5,0.17761948700383243,0.02777742096836472,1
0.5,0.1785182826232385,0.02777741383063926,1
0.5,0.179421626356025,0.027777406550888756,1
0.5,0.1803295412166959,0.02777739912630682,1
0.5,0.1812420503362137,0.027777391554032128,1
0.5,0.18215917696258918,0.027777383831147303,1
0.5,0.18308094446147324,0.02777737595467791,1
0.5,0.18400737631675243,0.02777736792159131,1
0.5,0.1849384961311472,0.02777735972879553,1
0.5,0.1858743276268132,0.027777351373138155,1
0.5,0.18681489464594564,0.027777342851405075,1
0.5,0.1877602211513868,0.02777733416031943,1
0.5,0.18871033122723654,0.027777325296540277,1
0.5,0.1896652490794655,0.0277773162566614,1
0.5,0.19062499903653246,0.02777730703721007,1
0.5,0.19158960555000373,0.027777297634645728,1
0.5,0.1925590931951762,0.027777288045358686,1
0.5,0.1935334866717033,0.027777278265668826,1
0.5,0.19451281080422464,0.02777726829182422,1
0.5,0.19549709054299808,0.027777258119999704,1
0.5,0.19648635096453562,0.02777724774629554,1
0.5,0.19748061727224206,0.02777723716673597,1
0.5,0.1984799147970574,0.02777722637726772,1
0.5,0.199484268998102,0.0277772153737585,1
0.5,0.20049370546332526,0.02777720415199555,1
0.5,0.2015082499101575,0.02777719270768405,1
0.5,0.20252792818616516,0.027777181036445518,1
0.5,0.2035527662697094,0.027777169133816258,1
0.5,0.20458279027060786,0.027777156995245716,1
0.5,0.2056180264307997,0.027777144616094766,1
0.5,0.20665850112501466,0.027777131991634056,1
0.5,0.20770424086144448,0.02777711911704227,1
0.5,0.2087552722824186,0.027777105987404373,1
0.5,0.20981162216508273,0.027777092597709795,1
0.5,0.21087331742208112,0.027777078942850586,1
0.5,0.21194038510224228,0.02777706501761961,1
0.5,0.21301285239126808,0.027777050816708605,1
0.5,0.214090746612426,0.027777036334706264,1
0.5,0.2151740952272459,0.027777021566096214,1
0.5,0.21626292583621926,0.027777006505255112,1
0.5,0.21735726617950232,0.027776991146450516,1
0.5,0.218457144137623,0.027776975483838815,1
0.5,0.2195625877321911,0.02777695951146315,1
0.5,0.2206736251266122,0.027776943223251162,1
0.5,0.22179028462680545,0.02777692661301292,1
0.5,0.222912594681924,0.027776909674438563,1
0.5,0.22404058388508072,0.027776892401096057,1
0.5,0.22517428097407605,0.02777687478642888,1
0.5,0.22631371483213042,0.027776856823753658,1
0.5,0.22745891448861993,0.027776838506257673,1
0.5,0.22860990911981613,0.02777681982699653,1
0.5,0.22976672804962917,0.027776800778891542,1
0.5,0.23092940075035506,0.027776781354727227,1
0.5,0.23209795684342616,0.027776761547148712,1
0.5,0.23327242610016638,0.027776741348659043,1
0.5,0.23445283844254936,0.02777672075161654,1
0.5,0.2356392239439608,0.02777669974823201,1
0.5,0.23683161282996468,0.027776678330565987,1
0.5,0.2380300354790733,0.02777665649052582,1
0.5,0.23923452242352128,0.027776634219862876,1
0.5,0.24044510435004351,0.02777661151016946,1
0.5,0.24166181210065646,0.027776588352875883,1
0.5,0.24288467667344465,0.027776564739247365,1
0.5,0.2441137292233501,0.027776540660380926,1
0.5,0.24534900106296584,0.02777651610720222,1
0.5,0.24659052366333395,0.027776491070462237,1
0.5,0.24783832865474728,0.027776465540734048,1
0.5,0.24909244782755519,0.027776439508409478,1
0.5,0.2503529131329737,0.027776412963695606,1
0.5,0.251619756683899,0.027776385896611317,1
0.5,0.25289301075572634,0.027776358296983786,1
0.5,0.25417270778717177,0.02777633015444479,1
0.5,0.2554588803810987,0.027776301458427112,1
0.5,0.25675156130534865,0.027776272198160725,1
0.5,0.25805078349357585,0.027776242362669006,1
0.5,0.25935658004608664,0.02777621194076485,1
0.5,0.2606689842306823,0.02777618092104671,1
0.5,0.26198802948350713,0.02777614929189455,1
0.5,0.2633137494098997,0.027776117041465764,1
0.5,0.2646461777852497,0.027776084157691006,1
0.5,0.2659853485558578,0.02777605062826987,1
0.5,0.26733129583980103,0.027776016440666684,1
0.5,0.2686840539278017,0.027775981582105935,1
0.5,0.27004365728410107,0.02777594603956792,1
0.5,0.2714101405473373,0.027775909799784088,1
0.5,0.2727835385314284,0.027775872849232427,1
0.5,0.2741638862264583,0.027775835174132693,1
0.5,0.27555121879956934,0.027775796760441618,1
0.5,0.2769455715958575,0.027775757593847924,1
0.5,0.2783469801392731,0.027775717659767444,1
0.5,0.2797554801335259,0.027775676943337876,1
0.5,0.28117110746299473,0.027775635429413716,1
0.5,0.28259389819364156,0.02777559310256093,1
0.5,0.2840238885739306,0.02777554994705156,1
0.5,0.28546111503575133,0.027775505946858303,1
0.5,0.2869056141953473,0.02777546108564888,1
0.5,0.28835742285424876,0.02777541534678042,1
0.5,0.28981657800020993,0.027775368713293634,1
0.5,0.2912831168081518,0.027775321167906975,1
0.5,0.292757076641109,0.02777527269301064,1
0.5,0.29423849505118177,0.027775223270660475,1
0.5,0.2957274097804928,0.027775172882571787,1
0.5,0.297223858762148,0.027775121510112997,1
0.5,0.2987278801212043,0.0277750691342993,1
0.5,0.30023951217563993,0.027775015735785998,1
0.5,0.30175879343733086,0.02777496129486195,1
0.5,0.30328576261303225,0.027774905791442744,1
0.5,0.3048204586053641,0.027774849205063852,1
0.5,0.3063629205138029,0.027774791514873515,1
0.5,0.3079131876356776,0.0277747326996257,1
0.5,0.3094712994671701,0.027774672737672753,1
0.5,0.31103729570432287,0.027774611606958058,1
0.5,0.31261121624404903,0.027774549285008436,1
0.5,0.31419310118514954,0.027774485748926568,1
0.5,0.31578299082933436,0.027774420975383098,1
0.5,0.3173809256822497,0.027774354940608745,1
0.5,0.31898694645450926,0.02777428762038622,1
0.5,0.32060109406273246,0.027774218990041993,1
0.5,0.32222340963058543,0.02777414902443791,1
0.5,0.32385393448983024,0.02777407769796269,1
0.5,0.325492710181377,0.027774004984523284,1
0.5,0.32713977845634234,0.02777393085753598,1
0.5,0.3287951812771133,0.027773855289917524,1
0.5,0.33045896081841625,0.027773778254075895,1
0.5,0.33213115946839133,0.027773699721901066,1
0.5,0.3338118198296728,0.027773619664755566,1
0.5,0.33550098472047335,0.027773538053464768,1
0.5,0.3371986971756764,0.027773454858307206,1
0.5,0.33890500044793165,0.027773370049004528,1
0.5,0.34061993800875706,0.027773283594711404,1
0.5,0.34234355354964663,0.027773195464005217,1
0.5,0.34407589098318336,0.02777310562487558,1
0.5,0.3458169944441581,0.027773014044713558,1
0.5,0.34756690829069403,0.02777292069030096,1
0.5,0.34932567710537626,0.027772825527799187,1
0.5,0.35109334569638845,0.02777272852273802,1
0.5,0.352869959098654,0.027772629640004185,1
0.5,0.3546555625749833,0.027772528843829726,1
0.5,0.35645020161722707,0.02777242609778016,1
0.5,0.3582539219474354,0.02777232136474242,1
0.5,0.3600667695190222,0.02777221460691263,1
0.5,0.36188879051793665,0.027772105785783666,1
0.5,0.36372003136383946,0.027771994862132443,1
0.5,0.365560538711285,0.027771881796007022,1
0.5,0.36741035945091105,0.027771766546713556,1
0.5,0.36926954071063267,0.027771649072802863,1
0.5,0.371138129856843,0.027771529332056965,1
0.5,0.3730161744956202,0.02777140728147523,1
0.5,0.37490372247393994,0.027771282877260283,1
0.5,0.37680082188089487,0.027771156074803897,1
0.5,0.37870752104891964,0.027771026828672288,1
0.5,0.38062386855502156,0.02777089509259152,1
0.5,0.38254991322201953,0.027770760819432364,1
0.5,0.3844857041197869,0.027770623961195087,1
0.5,0.3864312905665019,0.027770484468993942,1
0.5,0.38838672212990416,0.02777034229304136,1
0.5,0.3903520486285575,0.02777019738263187,1
0.5,0.39232732013311916,0.027770049686125793,1
0.5,0.3943125869676158,0.027769899150932652,1
0.5,0.39630789971072444,0.0277697457234943,1
0.5,0.3983133091970627,0.027769589349267692,1
0.5,0.4003288665184828,0.027769429972707513,1
0.5,0.4023546230253736,0.027769267537248364,1
0.5,0.4043906303279686,0.02776910198528675,1
0.5,0.4064369402976613,0.02776893325816277,1
0.5,0.40849360506832616,0.027768761296141396,1
0.5,0.4105606770376474,0.027768586038393585,1
0.5,0.4126382088684531,0.027768407422976905,1
0.5,0.41472625349005776,0.027768225386816066,1
0.5,0.4168248640996105,0.02776803986568292,1
0.5,0.4189340941634502,0.027767850794176194,1
0.5,0.4210539974184677,0.027767658105700956,1
0.5,0.423184627873475,0.02776746173244771,1
0.5,0.4253260398105811,0.027767261605371022,1
0.5,0.42747828778657526,0.027767057654167975,1
0.5,0.4296414266343161,0.027766849807256255,1
0.5,0.43181551146412966,0.027766637991751636,1
0.5,0.4340005976652129,0.027766422133445483,1
0.5,0.4361967409070448,0.02776620215678155,1
0.5,0.43840399714080475,0.027765977984832577,1
0.5,0.44062242260079815,0.027765749539276446,1
0.5,0.44285207380588887,0.027765516740371986,1
0.5,0.44509300756093956,0.027765279506934335,1
0.5,0.4473452809582578,0.02776503775630998,1
0.5,0.44960895137905227,0.027764791404351275,1
0.5,0.4518840764948935,0.027764540365390694,1
0.5,0.4541707142691835,0.027764284552214503,1
0.5,0.45646892295863245,0.027764023876036235,1
0.5,0.458778761114743,0.02776375824646943,1
0.5,0.4611002875853018,0.02776348757150027,1
0.5,0.46343356151587933,0.02776321175745951,1
0.5,0.46577864235133537,0.027762930708994146,1
0.5,0.4681355898373354,0.02776264432903849,1
0.5,0.47050446402187124,0.02776235251878487,1
0.5,0.47288532525679156,0.027762055177653913,1
0.5,0.47527823419933934,0.027761752203264198,1
0.5,0.4776832518136972,0.027761443491401527,1
0.5,0.48010043937254054,0.027761128935987773,1
0.5,0.48252985845859875,0.027760808429049134,1
0.5,0.4849715709662242,0.027760481860683927,1
0.5,0.4874256391029682,0.027760149119029864,1
0.5,0.48989212539116755,0.027759810090230846,1
0.5,0.4923710926695361,0.027759464658403225,1
0.5,0.49486260409476623,0.027759112705601528,1
0.5,0.4973667231431377,0.02775875411178364,1
0.5,0.49988351361213484,0.027758388754775522,1
0.5,0.5024130396220721,0.027758016510235243,1
0.5,0.5049553656177277,0.027757637251616656,1
0.5,0.5075105563699845,0.0277572508501323,1
0.5,0.5100786769774821,0.02775685717471582,1
0.5,0.5126597928682736,0.027756456091983964,1
0.5,0.5152539698014931,0.027756047466197704,1
0.5,0.5178612738690315,0.027755631159223023,1
0.5,0.5204817714972196,0.027755207030490933,1
0.5,0.523115529448521,0.027754774936956998,1
0.5,0.5257626148232328,0.02775433473306019,1
0.5,0.5284230950611947,0.027753886270681174,1
0.5,0.5310970379435077,0.02775342939909984,1
0.5,0.5337845115942613,0.027752963964952387,1
0.5,0.5364855844822681,0.02775248981218759,1
0.5,0.539200325422809,0.027752006782022515,1
0.5,0.541928803579386,0.02775151471289756,1
0.5,0.5446710884654842,0.02775101344043077,1
0.5,0.5474272499463436,0.02775050279737159,1
0.5,0.5501973582407373,0.02774998261355378,1
0.5,0.5529814839227629,0.02774945271584779,1
0.5,0.5557796979236385,0.027748912928112327,1
0.5,0.5585920715335105,0.027748363071145293,1
0.5,0.5614186764032705,0.027747802962633905,1
0.5,0.5642595845463794,0.02774723241710421,1
0.5,0.5671148683407033,0.027746651245869752,1
0.5,0.5699846005303574,0.027746059256979618,1
0.5,0.5728688542275575,0.027745456255165602,1
0.5,0.5757677029144856,0.02774484204178869,1
0.5,0.57868122044516,0.02774421641478483,1
0.5,0.581609481047317,0.02774357916860973,1
0.5,0.5845525593243031,0.027742930094183126,1
0.5,0.5875105302569742,0.027742268978832075,1
0.5,0.5904834692056071,0.02774159560623348,1
0.5,0.5934714519118195,0.02774090975635587,1
0.5,0.5964745545004977,0.027740211205400343,1
0.5,0.5994928534817389,0.02773949972574053,1
0.5,0.6025264257527984,0.027738775085861995,1
0.5,0.6055753486000495,0.0277380370503006,1
0.5,0.6086396997009526,0.027737285379580014,1
0.5,0.6117195571260337,0.027736519830148475,1
0.5,0.6148149993408738,0.02773574015431456,1
0.5,0.6179261052081082,0.027734946100182158,1
0.5,0.6210529539894343,0.027734137411584543,1
0.5,0.6241956253476331,0.027733313828017487,1
0.5,0.6273541993485973,0.027732475084571544,1
0.5,0.6305287564633713,0.02773162091186343,1
0.5,0.6337193775702018,0.02773075103596634,1
0.5,0.6369261439565981,0.027729865178339527,1
0.5,0.6401491373214029,0.027728963055756835,1
0.5,0.6433884397768745,0.02772804438023423,1
0.5,0.6466441338507769,0.027727108858956562,1
0.5,0.6499163024884849,0.02772615619420312,1
0.5,0.6532050290550955,0.02772518608327243,1
0.5,0.6565103973375523,0.027724198218405924,1
0.5,0.6598324915467807,0.0277231922867107,1
0.5,0.6631713963198321,0.027722167970081237,1
0.5,0.6665271967220415,0.02772112494512015,1
0.5,0.6698999782491937,0.02772006288305784,1
0.5,0.6732898268297026,0.027718981449671335,1
0.5,0.6766968288267986,0.02771788030520173,1
0.5,0.6801210710407308,0.027716759104271016,1
0.5,0.6835626407109776,0.027715617495797533,1
0.5,0.687021625518469,0.027714455122910552,1
0.5,0.690498113587821,0.027713271622863685,1
0.5,0.6939921934895803,0.02771206662694734,1
0.5,0.6975039542424812,0.02771083976039999,1
0.5,0.7010334853157136,0.027709590642318444,1
0.5,0.7045808766312011,0.027708318885566952,1
0.5,0.7081462185658941,0.02770702409668528,1
0.5,0.7117296019540708,0.027705705875795694,1
0.5,0.715331118089652,0.027704363816508662,1
0.5,0.7189508587285266,0.02770299750582773,1
0.5,0.7225889160908896,0.027701606524052975,1
0.5,0.7262453828635915,0.027700190444683588,1
0.5,0.7299203522025001,0.02769874883431913,1
0.5,0.7336139177348721,0.02769728125255969,1
0.5,0.7373261735617409,0.027695787251905035,1
0.5,0.7410572142603127,0.02769426637765238,1
0.5,0.744807134886376,0.027692718167793225,1
0.5,0.7485760309767234,0.027691142152908816,1
0.5,0.7523639985515861,0.027689537856064605,1
0.5,0.7561711341170796,0.0276879047927035,1
0.5,0.7599975346676632,0.027686242470537917,1
0.5,0.763843297688609,0.02768455038944055,1
0.5,0.7677085211584888,0.027682828041334234,1
0.5,0.7715933035516678,0.02768107491008033,1
0.5,0.7754977438408143,0.027679290471366056,1
0.5,0.7794219414994213,0.02767747419259069,1
0.5,0.7833659965043406,0.027675625532750384,1
0.5,0.7873300093383299,0.027673743942322002,1
0.5,0.7913140809926131,0.02767182886314557,1
0.5,0.7953183129694522,0.02766987972830572,1
0.5,0.7993428072847351,0.027667895962011677,1
0.5,0.803387666470573,0.027665876979476315,1
0.5,0.8074529935779137,0.02766382218679388,1
0.5,0.8115388921791662,0.027661730980816403,1
0.5,0.8156454663708401,0.02765960274902918,1
0.5,0.8197728207761973,0.027657436869424804,1
0.5,0.8239210605479177,0.027655232710376107,1
0.5,0.8280902913707773,0.02765298963050796,1
0.5,0.8322806194643423,0.027650706978567682,1
0.5,0.8364921515856741,0.027648384093294523,1
0.5,0.8407249950320497,0.027646020303287732,1
0.5,0.8449792576436949,0.02764361492687353,1
0.5,0.8492550478065319,0.02764116727197096,1
0.5,0.853552474454941,0.027638676635956483,1
0.5,0.8578716470745356,0.027636142305527352,1
0.5,0.8622126757049506,0.027633563556563982,1
0.5,0.8665756709426482,0.027630939653991042,1
0.5,0.8709607439437336,0.027628269851637428,1
0.5,0.8753680064267876,0.02762555339209509,1
0.5,0.8797975706757128,0.027622789506576716,1
0.5,0.8842495495425946,0.027619977414772328,1
0.5,0.8887240564505755,0.027617116324704736,1
0.5,0.8932212053967462,0.02761420543258387,1
0.5,0.8977411109550473,0.027611243922660025,1
0.5,0.9022838882791916,0.0276082309670761,1
0.5,0.9068496531055955,0.02760516572571864,1
0.5,0.9114385217563289,0.02760204734606788,1
0.5,0.9160506111420779,0.027598874963046836,1
0.5,0.9206860387651234,0.02759564769886921,1
0.5,0.9253449227223357,0.02759236466288635,1
0.5,0.9300273817081819,0.02758902495143334,1
0.5,0.9347335350177514,0.027585627647673836,1
0.5,0.9394635025497924,0.027582171821444252,1
0.5,0.9442174048097703,0.027578656529096794,1
0.5,0.9489953629129355,0.027575080813341667,1
0.5,0.9537974985874093,0.027571443703088325,1
0.5,0.9586239341772853,0.027567744213285946,1
0.5,0.9634747926457471,0.027563981344762956,1
0.5,0.9683501975781996,0.02756015408406575,1
0.5,0.9732502731854195,0.02755626140329664,1
0.5,0.9781751443067168,0.027552302259951016,1
0.5,0.983124936413119,0.02754827559675373,1
0.5,0.9880997756105655,0.027544180341494796,1
0.5,0.9930997886431205,0.027540015406864342,1
0.5,0.9981251028962029,0.02753577969028698,1
0.5,1.0031758463998308,0.02753147207375552,1
0.5,1.0082521478318844,0.02752709142366401,1
0.5,1.0133541365213827,0.027522636590640356,1
0.5,1.0184819424517804,0.027518106409378257,1
0.5,1.023635696264278,0.027513499698468794,1
0.5,1.0288155292611505,0.02750881526023147,1
0.5,1.034021573409094,0.027504051880544916,1
0.5,1.0392539613425837,0.027499208328677117,1
0.5,1.0445128263672585,0.027494283357115425,1
0.5,1.0497983024633137,0.02748927570139618,1
0.5,1.0551105242889156,0.027484184079934235,1
0.5,1.0604496271836317,0.027479007193852097,1
0.5,1.0658157471718788,0.027473743726809014,1
0.5,1.071209020966389,0.02746839234483006,1
0.5,1.076629585971692,0.027462951696135003,1
0.5,1.0820775802876166,0.02745742041096726,1
0.5,1.0875531427128085,0.027451797101422926,1
0.5,1.0930564127482663,0.027446080361279834,1
0.5,1.0985875306008963,0.027440268765826923,1
0.5,1.1041466371870836,0.02743436087169371,1
0.5,1.1097338741362832,0.027428355216680078,1
0.5,1.1153493837946278,0.027422250319586478,1
0.5,1.1209933092285553,0.02741604468004446,1
0.5,1.1266657942284495,0.02740973677834775,1
0.5,1.1323669833123104,0.02740332507528387,1
0.5,1.1380970217294308,0.027396808011966266,1
0.5,1.1438560554640989,0.027390184009667296,1
0.5,1.149644231239317,0.027383451469651866,1
0.5,1.1554616965205395,0.027376608773011898,1
0.5,1.1613085995194306,0.027369654280501764,1
0.5,1.1671850891976387,0.027362586332374688,1
0.5,1.1730913152705937,0.027355403248220143,1
0.5,1.1790274282113196,0.027348103326802563,1
0.5,1.1849935792542683,0.027340684845901075,1
0.5,1.1909899203991738,0.027333146062150756,1
0.5,1.197016604414923,0.027325485210885167,1
0.5,1.2030737848434492,0.027317700505980428,1
0.5,1.209161616003643,0.027309790139700894,1
0.5,1.2152802529952857,0.027301752282546488,1
0.5,1.2214298517029958,0.027293585083101844,1
0.5,1.227610568800207,0.027285286667887338,1
0.5,1.233822561753156,0.027276855141212017,1
0.5,1.240065988824895,0.027268288585028767,1
0.5,1.2463410090793237,0.02725958505879146,1
0.5,1.2526477823852418,0.02725074259931465,1
0.5,1.2589864694204222,0.02724175922063542,1
0.5,1.2653572316757045,0.02723263291387796,1
0.5,1.2717602314591088,0.02722336164712058,1
0.5,1.2781956318999717,0.027213943365265676,1
0.5,1.2846635969531017,0.02720437598991238,1
0.5,1.2911642914029569,0.027194657419232306,1
0.5,1.2976978808678419,0.027184785527848383,1
0.5,1.304264531804129,0.027174758166716877,1
0.5,1.3108644115104982,0.027164573163012837,1
0.5,1.3174976881321985,0.027154228320019024,1
0.5,1.3241645306653353,0.027143721417018412,1
0.5,1.3308651089611687,0.027133050209190518,1
0.5,1.337599593730449,0.02712221242751161,1
0.5,1.3443681565477614,0.02711120577865891,1
0.5,1.3511709698558987,0.027100027944919003,1
0.5,1.3580082069702528,0.02708867658410061,1
0.5,1.3648800420832323,0.027077149329451808,1
0.5,1.3717866502686997,0.027065443789581783,1
0.5,1.3787282074864313,0.027053557548387546,1
0.5,1.3857048905866007,0.02704148816498533,1
0.5,1.3927168773142842,0.027029233173647287,1
0.5,1.399764346313989,0.02701679008374329,1
0.5,1.4068474771342052,0.027004156379688223,1
0.5,1.4139664502319793,0.0269913295208947,1
0.5,1.4211214469775124,0.026978306941731752,1
0.5,1.4283126496587804,0.02696508605148913,1
0.5,1.4355402414861804,0.02695166423434789,1
0.5,1.4428044065971914,0.0269380388493571,1
0.5,1.4501053300610756,0.02692420723041705,1
0.5,1.4574431978835862,0.02691016668626899,1
0.5,1.4648181970117096,0.02689591450049164,1
0.5,1.4722305153384256,0.02688144793150475,1
0.5,1.4796803417074973,0.02686676421257963,1
0.5,1.4871678659182799,0.02685186055185718,1
0.5,1.4946932787305578,0.02683673413237332,1
0.5,1.502256771869403,0.026821382112092163,1
0.5,1.509858538030062,0.02680580162394709,1
0.5,1.5174987708828627,0.026789989775889936,1
0.5,1.52517766507815,0.02677394365094835,1
0.5,1.5328954162512443,0.0267576603072918,1
0.5,1.540652221027426,0.02674113677830616,1
0.5,1.548448277026945,0.026724370072677237,1
0.5,1.5562837828700564,0.026707357174483297,1
0.5,1.5641589381820753,0.026690095043297075,1
0.5,1.5720739435984719,0.02667258061429705,1
0.5,1.5800290007699762,0.026654810798388624,1
0.5,1.5880243123677176,0.02663678248233516,1
0.5,1.5960600820883883,0.026618492528899168,1
0.5,1.6041365146594326,0.026599937776993765,1
0.5,1.6122538158442634,0.02658111504184484,1
0.5,1.6204121924475035,0.026562021115163866,1
0.5,1.6286118523202548,0.026542652765331857,1
0.5,1.6368530043653942,0.026523006737594345,1
0.5,1.6451358585428955,0.026503079754268022,1
0.5,1.6534606258751774,0.026482868514958798,1
0.5,1.6618275184524822,0.02646236969679201,1
0.5,1.6702367494382768,0.026441579954654452,1
0.5,1.6786885330746848,0.026420495921449016,1
0.5,1.687183084687946,0.026399114208361555,1
0.5,1.695720620693896,0.026377431405140858,1
0.5,1.7043013586034887,0.026355444080391307,1
0.5,1.7129255170283333,0.026333148781879052,1
0.5,1.7215933156862628,0.02631054203685139,1
0.5,1.7303049754069342,0.0262876203523699,1
0.5,1.7390607181374529,0.026264380215657537,1
0.5,1.7478607669480286,0.026240818094459713,1
0.5,1.7567053460376572,0.02621693043741987,1
0.5,1.7655946807398333,0.026192713674469483,1
0.5,1.7745289975282912,0.026168164217232916,1
0.5,1.7835085240227748,0.026143278459447264,1
0.5,1.7925334889948359,0.0261180527773975,1
0.5,1.8016041223736639,0.026092483530366868,1
0.5,1.8107206552519421,0.02606656706110325,1
0.5,1.8198833198917372,0.026040299696301096,1
0.5,1.8290923497304148,0.02601367774709972,1
0.5,1.8383479793865893,0.025986697509597655,1
0.5,1.8476504446660946,0.025959355265383812,1
0.5,1.8569999825680015,0.025931647282085118,1
0.5,1.8663968312906491,0.025903569813931177,1
0.5,1.8758412302377152,0.02587511910233619,1
0.5,1.8853334200243155,0.02584629137649799,1
0.5,1.8948736424831338,0.025817082854014833,1
0.5,1.9044621406705828,0.025787489741519794,1
0.5,1.9140991588729972,0.025757508235333116,1
0.5,1.9237849426128568,0.025727134522132697,1
0.5,1.9335197386550416,0.025696364779642843,1
0.5,1.9433037950131191,0.025665195177341567,1
0.5,1.953137360955663,0.025633621877186433,1
0.5,1.963020687012603,0.025601641034359295,1
0.5,1.9729540249816084,0.025569248798030016,1
0.5,1.982937627934503,0.02553644131213942,1
0.5,1.9929717502237139,0.02550321471620129,1
0.5,2.003056647488745,0.025469565146124203,1
0.5,2.0131925766627,0.025435488735052664,1
0.5,2.023379795978823,0.0254009816142281,1
0.5,2.0336185649770764,0.02536603991386975,1
0.5,2.043909144510756,0.02533065976407552,1
0.5,2.0542517967531344,0.02529483729574295,1
0.5,2.064646785204142,0.02525856864151044,1
0.5,2.0750943746970805,0.025221849936718846,1
0.5,2.0855948314053676,0.025184677320393374,1
0.5,2.0961484228493212,0.025147046936246205,1
0.5,2.1067554179029737,0.02510895493369953,1
0.5,2.1174160868009215,0.025070397468929372,1
0.5,2.1281307011452113,0.02503137070593017,1
0.5,2.138899533912258,0.024991870817600015,1
0.5,2.149722859459801,0.024951893986846885,1
0.5,2.1606009535338946,0.024911436407715686,1
0.5,2.1715340932759264,0.024870494286536177,1
0.5,2.1825225572296882,0.024829063843091886,1
0.5,2.193566625348468,0.0247871413118098,1
0.5,2.2046665790021795,0.024744722942971146,1
0.5,2.215822700984535,0.024701805003942947,1
0.5,2.2270352755202474,0.024658383780430487,1
0.5,2.238304588272272,0.024614455577750573,1
0.5,2.249630926349086,0.02457001672212559,1
0.5,2.2610145783120004,0.024525063561998326,1
0.5,2.272455834182513,0.024479592469367227,1
0.5,2.283954985449699,0.02443359984114242,1
0.5,2.295512325077634,0.024387082100522005,1
0.5,2.3071281475128598,0.0243400356983887,1
0.5,2.3188027486918865,0.024292457114726686,1
0.5,2.33053642604873,0.02424434286005842,1
0.5,2.3423294785224944,0.024195689476901393,1
0.5,2.3541822065649773,0.024146493541244485,1
0.5,2.3660949121483386,0.024096751664043847,1
0.5,2.3780678987727852,0.024046460492738092,1
0.5,2.3901014714743045,0.023995616712782494,1
0.5,2.402195936832437,0.023944217049202018,1
0.5,2.4143516029780865,0.023892258268162922,1
0.5,2.4265687796013693,0.023839737178562644,1
0.5,2.4388477779595066,0.023786650633637607,1
0.5,2.4511889108847527,0.023732995532588817,1
0.5,2.463592492792364,0.02367876882222467,1
0.5,2.4760588396886125,0.023623967498620904,1
0.5,2.488588269178834,0.023568588608797115,1
0.5,2.5011811004755207,0.023512629252409482,1
0.5,2.5138376544064536,0.02345608658345945,1
0.5,2.526558253422877,0.023398957812017784,1
0.5,2.5393432216077123,0.023341240205963648,1
0.5,2.552192884683818,0.023282931092738098,1
0.5,2.565107570022278,0.023224027861111825,1
0.5,2.5780876066507568,0.023164527962966266,1
0.5,2.591133325261873,0.023104428915087856,1
0.5,2.6042450582216254,0.02304372830097465,1
0.5,2.617423139577862,0.02298242377265505,1
0.5,2.63066790506879,0.022920513052517664,1
0.5,2.6439796921315293,0.022857993935152043,1
0.5,2.6573588399107098,0.022794864289199496,1
0.5,2.6708056892671106,0.022731122059213342,1
0.5,2.6843205827863463,0.022666765267527894,1
0.5,2.6979038647875937,0.022601792016135745,1
0.5,2.7115558813323632,0.022536200488572234,1
0.5,2.7252769802333177,0.02246998895180661,1
0.5,2.7390675110631304,0.02240315575813923,1
0.5,2.7529278251633955,0.022335699347103704,1
0.5,2.766858275653578,0.02226761824737341,1
0.5,2.78085921744,0.022198911078671613,1
0.5,2.7949310072249025,0.02212957655368403,1
0.5,2.8090740035155166,0.02205961347997336,1
0.5,2.823288566633204,0.02198902076189456,1
0.5,2.837575058722636,0.021917797402510278,1
0.5,2.8519338437610187,0.02184594250550512,1
0.5,2.8663652875673673,0.021773455277098147,1
0.5,2.8808697578118267,0.021700335027952454,1
0.5,2.895447624025036,0.021626581175080838,1
0.5,2.9100992576075453,0.021552193243746555,1
0.5,2.9248250318392777,0.021477170869358134,1
0.5,2.939625321889038,0.021401513799357206,1
0.5,2.9545005048240727,0.021325221895098157,1
0.5,2.9694509596196754,0.021248295133718575,1
0.5,2.9844770671688416,0.021170733609999465,1
0.5,2.9995792102919774,0.021092537538213826,1
0.5,3.0147577737466382,0.021013707253962736,1
0.5,3.0300131442373517,0.020934243215997413,1
0.5,3.0453457104254555,0.02085414600802637,1
0.5,3.060755862939005,0.020773416340506255,1
0.5,3.0762439943827227,0.020692055052415167,1
0.5,3.091810499348002,0.0206100631130072,1
0.5,3.1074557744229585,0.020527441623546885,1
0.5,3.123180218202538,0.02044419181902238,1
0.5,3.138984231298666,0.020360315069835853,1
0.5,3.1548682163504593,0.020275812883469982,1
0.5,3.1708325780344793,0.020190686906129046,1
0.5,3.1868777230750456,0.020104938924353347,1
0.5,3.2030040602545964,0.020018570866605488,1
0.5,3.2192120004241036,0.019931584804827276,1
0.5,3.23550195651354,0.0198439829559657,1
0.5,3.2518743435424025,0.019755767683466593,1
0.5,3.2683295786302726,0.01966694149873481,1
0.5,3.284868081007463,0.01957750706255881,1
0.5,3.3014902720256853,0.019487467186499224,1
0.5,3.318196575168788,0.019396824834238928,1
0.5,3.3349874160635467,0.019305583122893898,1
0.5,3.351863222490505,0.019213745324282938,1
0.5,3.3688244243948757,0.01912131486615509,1
0.5,3.3858714538974946,0.019028295333373073,1
0.5,3.403004745305827,0.018934690469051288,1
0.5,3.420224735125035,0.018840504175647015,1
0.5,3.437531862069098,0.018745740516003244,1
0.5,3.4549265670719893,0.01865040371434154,1
0.5,3.4724092932989095,0.018554498157203635,1
0.5,3.4899804861575774,0.01845802839434028,1
0.5,3.5076405933095782,0.018360999139545593,1
0.5,3.525390064681768,0.01826341527143577,1
0.5,3.5432293524777405,0.018165281834170377,1
0.5,3.5611589111893323,0.018066604038115216,1
0.5,3.5791791976082252,0.017967387260444497,1
0.5,3.5972906708375687,0.01786763704568188,1
0.5,3.6154937923036803,0.017767359106178052,1
0.5,3.6337890257678005,0.017666559322524124,1
0.5,3.65217683733791,0.017565243743898718,1
0.5,3.6706576954806027,0.01746341858834817,1
0.5,3.6892320710330213,0.017361090242997645,1
0.5,3.7079004372148545,0.01725826526419244,1
0.5,3.7266632696403907,0.017154950377567754,1
0.5,3.7455210463306368,0.017051152478045787,1
0.5,3.764474247725496,0.016946878629758754,1
0.5,3.7835233566960094,0.01684213606589665,1
0.5,3.8026688585566557,0.016736932188478364,1
0.5,3.8219112410777183,0.01663127456804509,1
0.5,3.8412509944977136,0.01652517094327476,1
0.5,3.8606886115358674,0.016418629220516314,1
0.5,3.880224587404689,0.01631165747324263,1
0.5,3.8998594198225747,0.016204263941421188,1
0.5,3.9195936090264905,0.016096457030801307,1
0.5,3.9394276577847163,0.015988245312116886,1
0.5,3.959362071409656,0.015879637520203615,1
0.5,3.979397357770712,0.01577064255303004,1
0.5,3.999534027307221,0.01566126947064114,1
0.5,4.019772593041462,0.015551527494013844,1
0.5,4.040113570591726,0.01544142600382361,1
0.5,4.060557478185449,0.015330974539121241,1
0.5,4.08110483667242,0.015220182795919385,1
0.5,4.101756169538048,0.015109060625687768,1
0.5,4.122512002916697,0.01499761803375694,1
0.5,4.143372865605094,0.01488586517762958,1
0.5,4.164339289075804,0.014773812365199115,1
0.5,4.185411807490753,0.014661470052875315,1
0.5,4.206590957714861,0.014548848843615927,1
0.5,4.2278772793297055,0.01443595948486475,1
0.5,4.249271314647271,0.014322812866395425,1
0.5,4.270773608723768,0.014209420018060843,1
0.5,4.292384709373514,0.014095792107448085,1
0.5,4.314105167182895,0.013981940437438896,1
0.5,4.335935535524389,0.013867876443675431,1
0.5,4.357876370570673,0.013753611691931691,1
0.5,4.379928231308778,0.013639157875390604,1
0.5,4.402091679554343,0.013524526811826915,1
0.5,4.424367279965924,0.013409730440696347,1
0.5,4.446755600059379,0.013294780820131273,1
0.5,4.469257210222326,0.013179690123843422,1
0.5,4.491872683728676,0.013064470637934044,1
0.5,4.514602596753247,0.012949134757612177,1
0.5,4.537447528386417,0.012833694983821899,1
0.5,4.560408060648908,0.012718163919778794,1
0.5,4.583484778506599,0.01260255426741708,1
0.5,4.606678269885433,0.012486878823747945,1
0.5,4.629989125686389,0.012371150477130239,1
0.5,4.653417939800546,0.012255382203454552,1
0.5,4.676965309124206,0.012139587062241835,1
0.5,4.700631833574107,0.012023778192657911,1
0.5,4.724418116102702,0.01190796880944516,1
0.5,4.748324762713522,0.011792172198772783,1
0.5,4.772352382476619,0.01167640171400725,1
0.5,4.796501587544076,0.011560670771404349,1
0.5,4.820772993165611,0.011444992845724774,1
0.5,4.845167217704244,0.011329381465774866,1
0.5,4.869684882652058,0.0112138502098743,1
0.5,4.894326612646027,0.011098412701252926,1
0.5,4.919093035483938,0.01098308260337845,1
0.5,4.943984782140364,0.010867873615217492,1
0.5,4.969002486782773,0.010752799466431638,1
0.5,4.994146786787659,0.01063787391251143,1
0.5,5.019418322756788,0.010523110729850266,1
0.5,5.044817738533522,0.010408523710760637,1
0.5,5.070345681219215,0.01029412665843549,1
0.5,5.096002801189705,0.010179933381857176,1
0.5,5.1217897521118845,0.010065957690656605,1
0.5,5.147707190960347,0.009952213389925578,1
0.5,5.173755778034131,0.009838714274985042,1
0.5,5.1999361769735435,0.009725474126112172,1
0.5,5.226249054777059,0.009612506703229379,1
0.5,5.252695081818323,0.009499825740558208,1
0.5,5.279274931863224,0.009387444941241399,1
0.5,5.305989282087063,0.009275377971936215,1
0.5,5.332838813091809,0.009163638457382472,1
0.5,5.359824208923417,0.009052239974948483,1
0.5,5.386946157089291,0.008941196049158292,1
0.5,5.4142053485757735,0.008830520146203936,1
0.5,5.441602477865758,0.00872022566844601,1
0.5,5.469138242956384,0.008610325948906247,1
0.5,5.4968133453768155,0.008500834245755713,1
0.5,5.524628490206116,0.0083917637368024,1
0.5,5.552584386091211,0.008283127513981779,1
0.5,5.580681745264947,0.008174938577854332,1
0.5,5.608921283564229,0.008067209832113759,1
0.5,5.637303720448265,0.007959954078109652,1
0.5,5.66582977901689,0.007853184009388831,1
0.5,5.694500186028993,0.007746912206258846,1
0.5,5.723315671921031,0.0076411511303780795,1
0.5,5.752276970825637,0.0075359131193760386,1
0.5,5.781384820590331,0.007431210381508083,1
0.5,5.810639962796294,0.007327054990348623,1
0.5,5.840043142777298,0.007223458879526538,1
0.5,5.869595109638668,0.007120433837507287,1
0.5,5.899296616276375,0.007017991502425485,1
0.5,5.9291484193962205,0.006916143356972042,1
0.5,5.959151279533109,0.006814900723339995,1
0.5,5.989305961070428,0.006714274758232991,1
0.5,6.0,0.006678860031573244,1
0.5,6.019613232259521,0.006614276447940549,0
0.5,6.050073865239263,0.006514916603483991,0
0.5,6.080688636055727,0.006416205855837252,0
0.5,6.11145832468196,0.006318154651226208,0
0.5,6.142383715037853,0.006220773246510885,0
0.5,6.173465595010112,0.006124071704654074,0
0.5,6.2047047564723306,0.006028059890280493,0
0.5,6.236101995305168,0.005932747465330219,0
0.5,6.267658111416628,0.005838143884810104,0
0.5,6.299373908762415,0.005744258392647159,0
0.5,6.331250195366454,0.005651100017647184,0
0.5,6.363287783341452,0.005558677569562685,0
0.5,6.395487488909592,0.005466999635273338,0
0.5,6.427850132423332,0.005376074575082559,0
0.5,6.4603765383863,0.0052859105191336644,0
0.5,6.493067535474307,0.0051965153639487935,0
0.5,6.525923956556449,0.005107896769094026,0
0.5,6.558946638716338,0.00502006215397363,0
0.5,6.59213642327342,0.004933018694756722,0
0.5,6.625494155804409,0.004846773321439143,0
0.5,6.659020686164837,0.004761332715043488,0
0.5,6.692716868510698,0.0046767033049600485,0
0.5,6.726583561320213,0.004592891266431291,0
0.5,6.760621627415704,0.00450990251818241,0
0.5,6.794831933985568,0.004427742720200453,0
0.5,6.829215352606388,0.004346417271664138,0
0.5,6.8637727592651006,0.004265931309026815,0
0.5,6.898505034381362,0.0041862897042542905,0
0.5,6.933413062829946,0.004107497063219685,0
0.5,6.968497733963299,0.0040295577242570445,0
0.5,7.003759941634197,0.003952475756875237,0
0.5,7.039200584218514,0.0038762549606337878,0
0.5,7.074820564638117,0.003800898864181869,0
0.5,7.110620790383862,0.0037264107244618337,0
0.5,7.1466021735387235,0.0036527935260780835,0
0.5,7.182765630801023,0.0035800499808325086,0
0.5,7.219112083507786,0.003508182527426929,0
0.5,7.2556424576582215,0.0034371933313334237,0
0.5,7.292357683937302,0.0033670842848327336,0
0.5,7.329258697739485,0.003297857007221238,0
0.5,7.366346439192538,0.003229512845186431,0
0.5,7.403621853181502,0.0031620528733509825,0
0.5,7.4410858893727285,0.0030954778949851863,0
0.5,7.478739502238125,0.0030297884428872575,0
0.5,7.516583651079438,0.00296498478043113,0
0.5,7.554619300052705,0.002901066902780976,0
0.5,7.592847418192814,0.0028380345382715325,0
0.5,7.631268979438192,0.002775887149953293,0
0.5,7.6698849626556225,0.002714623937301246,0
0.5,7.708696351665178,0.002654243838085932,0
0.5,7.747704135265289,0.002594745530405139,0
0.5,7.786909307257935,0.002536127434874654,0
0.5,7.8263128664739625,0.0024783877169761953,0
0.5,7.865915816798531,0.002421524289560404,0
0.5,7.905719167196694,0.0023655348155028925,0
0.5,7.945723931739099,0.0023104167105108186,0
0.5,7.985931129627826,0.002256167146077678,0
0.5,8.026341785222359,0.0022027830525834864,0
0.5,8.066956928065656,0.002150261122537774,0
0.5,8.107777592910423,0.002098597813962166,0
0.5,8.148804819745447,0.00204778935390974,0
0.5,8.190039653822094,0.0019978317421177694,0
0.5,8.231483145680949,0.00194872075479045,0
0.5,8.273136351178572,0.0019004519485083082,0
0.5,8.315000331514401,0.0018530206642603764,0
0.5,8.35707615325779,0.0018064220315956226,0
0.5,8.399364888375175,0.0017606509728895793,0
0.5,8.441867614257397,0.0017157022077222577,0
0.5,8.48458541374714,0.0016715702573632117,0
0.5,8.52751937516652,0.001628249449359519,0
0.5,8.570670592344817,0.0015857339222223497,0
0.5,8.61404016464634,0.0015440176302076952,0
0.5,8.657629196998432,0.0015030943481867827,0
0.5,8.701438799919636,0.0014629576766014678,0
0.5,8.745470089547949,0.0014236010465000749,0
0.5,8.789724187669304,0.0013850177246487441,0
0.5,8.83420222174613,0.0013472008187135685,0
0.5,8.878905324946071,0.0013101432825086373,0
0.5,8.923834636170861,0.0012738379213049255,0
0.5,8.968991300085342,0.0012382773971951436,0
0.5,9.014376467146624,0.0012034542345094078,0
0.5,9.059991293633392,0.0011693608252767113,0
0.5,9.105836941675372,0.0011359894347270196,0
0.5,9.151914579282936,0.0011033322068288948,0
0.5,9.198225380376853,0.001071381169857447,0
0.5,9.244770524818207,0.0010401282419874728,0
0.5,9.291551198438448,0.0010095652369065725,0
0.5,9.338568593069612,0.000979683869443074,0
0.5,9.385823906574672,0.0009504757612036407,0
0.5,9.433318342878072,0.0009219324462153107,0
0.5,9.481053111996399,0.0008940453765669441,0
0.5,9.529029430069173,0.0008668059280449259,0
0.5,9.577248519389888,0.0008402054057580077,0
0.5,9.625711608437124,0.0008142350497463771,0
0.5,9.674419931905836,0.0007888860405698756,0
0.5,9.72337473073883,0.0007641495048705026,0
0.5,9.772577252158358,0.0007400165209043059,0
0.5,9.822028749697916,0.0007164781240378895,0
0.5,9.87173048323416,0.000693525312204829,0
0.5,9.92168371901902,0.0006711490513173123,0
0.5,9.971889729711949,0.0006493402806285008,0
0.5,10.022349794412351,0.0006280899180411096,0
0.5,10.073065198692168,0.0006073888653578787,0
0.5,10.124037234628636,0.0005872280134696176,0
0.5,10.175267200837197,0.0005675982474767395,0
0.5,10.226756402504588,0.0005484904517401684,0
0.5,10.278506151422102,0.0005298955148577481,0
0.5,10.33051776601897,0.0005118043345623377,0
0.5,10.382792571396006,0.0004942078225378672,0
0.5,10.435331899359337,0.00047709690914990324,0
0.5,10.488137088454327,0.00046046254808722347,0
0.5,10.541209483999697,0.0004442957209111765,0
0.5,10.594550438121788,0.0004285874415096826,0
0.5,10.648161309789012,0.0004133287604528946,0
0.5,10.702043464846476,0.00039851076924767357,0
0.5,10.756198276050778,0.0003841246044882118,0
0.5,10.81062712310498,0.00037016145190025136,0
0.5,10.865331392693765,0.00035661255027653557,0
0.5,10.920312478518756,0.00034346919530127916,0
0.5,10.975571781334029,0.0003307227432615831,0
0.5,11.0311107089818,0.0003183646146439173,0
0.5,11.08693067642829,0.000306386297613918,0
0.5,11.143033105799791,0.00029477935137794503,0
0.5,11.199419426418844,0.00028353540942498406,0
0.5,11.256091074840727,0.0002726461826476344,0
0.5,11.313049494890011,0.0002621034623411383,0
0.5,11.370296137697352,0.0002518991230794991,0
0.5,11.427832461736458,0.0002420251254679602,0
0.5,11.485659932861253,0.0002324735187712346,0
0.5,11.543780024343226,0.00022323644341707566,0
0.5,11.60219421690895,0.00021430613337490435,0
0.5,11.660903998777824,0.00020567491840938666,0
0.5,11.719910865699978,0.00019733522620901426,0
0.5,11.779216320994381,0.00018927958438987304,0
0.5,11.838821875587149,0.0001815006223749724,0
0.5,11.898729048050027,0.00017399107314961518,0
0.5,11.958939364639088,0.00016674377489347787,0
0.5,12.01945435933361,0.0001597516724901769,0
0.5,12.080275573875173,0.00015300781891526558,0
0.5,12.14140455780689,0.00014650537650372957,0
0.5,12.202842868512958,0.00014023761809817185,0
0.5,12.264592071258283,0.00013419792807904684,0
0.5,12.326653739228373,0.00012837980327837543,0
0.5,12.389029453569417,0.0001227768537785379,0
0.5,12.451720803428573,0.00011738280359783412,0
0.5,12.514729385994448,0.00011219149126462608,0
0.5,12.57805680653779,0.00010719687028197684,0
0.5,12.64170467845239,0.00010239300948480587,0
0.5,12.705674623296185,9.777409329168617e-05,0
0.5,12.769968270832567,9.333442185348588e-05,0
0.5,12.834587259071911,8.906841110116668e-05,0
0.5,12.8995332343133,8.497059269511074e-05,0
0.5,12.964807851186468,8.10356138784468e-05,0
0.5,13.030412772693962,7.725823723690444e-05,0
0.5,13.096349670253506,7.363334036780078e-05,0
0.5,13.162620223740593,7.01559154608186e-05,0
0.5,13.229226121531237,6.682106879330276e-05,0
0.5,13.296169060545063,6.362402014283277e-05,0
0.5,13.36345074628849,6.056010211990258e-05,0
0.5,13.431072892898191,5.762475942355351e-05,0
0.5,13.499037223184766,5.4813548022853434e-05,0
0.5,13.567345468676638,5.212213426714625e-05,0
0.5,13.63599936966416,4.954629392801224e-05,0
0.5,13.705000675243957,4.708191117590534e-05,0
0.5,13.774351143363488,4.472497749444472e-05,0
0.5,13.844052540865828,4.24715905353457e-05,0
0.5,13.914106643534694,4.031795291698113e-05,0
0.5,13.984515236139673,3.8260370969560534e-05,0
0.5,14.055280112481697,3.629525342991163e-05,0
0.5,14.126403075438747,3.441911008883195e-05,0
0.5,14.197885937011785,3.262855039397142e-05,0
0.5,14.269730518370928,3.0920282011178795e-05,0
0.5,14.34193864990179,2.9291109347226757e-05,0
0.5,14.414512171252204,2.7737932036795547e-05,0
0.5,14.487452931379034,2.6257743396571148e-05,0
0.5,14.560762788595287,2.4847628849271173e-05,0
0.5,14.634443610617469,2.350476432037171e-05,0
0.5,14.708497274613157,2.2226414610269562e-05,0
0.5,14.782925667248833,2.1009931744562295e-05,0
0.5,14.857730684737945,1.9852753305081205e-05,0
0.5,14.932914232889223,1.8752400744258418e-05,0
0.5,15.008478227155223,1.770647768535205e-05,0
0.5,15.084424592681138,1.6712668210997035e-05,0
0.5,15.160755264353838,1.576873514248481e-05,0
0.5,15.237472186851171,1.4872518312114991e-05,0
0.5,15.314577314691498,1.4021932830892709e-05,0
0.5,15.392072612283497,1.3214967353781104e-05,0
0.5,15.469960053976227,1.2449682344646071e-05,0
0.5,15.548241624109355,1.1724208342962777e-05,0
0.5,15.626919317063818,1.1036744234276023e-05,0
0.5,15.705995137312563,1.0385555526339185e-05,0
0.5,15.78547109947163,9.768972632777335e-06,0
0.5,15.865349228351489,9.185389166045786e-06,0
0.5,15.94563155900861,8.633260241380849e-06,0
0.5,16.026320136797324,8.11110079336066e-06,0
0.5,16.107417017421927,7.617483906619241e-06,0
0.5,16.188924266989048,7.151039162178271e-06,0
0.5,16.270843962060304,6.710451000785177e-06,0
0.5,16.35317818970518,6.294457104568809e-06,0
0.5,16.43592904755422,5.90184679824718e-06,0
0.5,16.51909864385247,5.531459471046928e-06,0
0.5,16.602689097513174,5.182183020416795e-06,0
0.5,16.686702538171765,4.8529523185450225e-06,0
0.5,16.771141106240144,4.542747702614432e-06,0
0.5,16.856006952961145,4.250593489658533e-06,0
0.5,16.94130224046343,3.9755565168078966e-06,0
0.5,17.027029141816513,3.7167447076478464e-06,0
0.5,17.113189841086147,3.4733056653380487e-06,0
0.5,17.199786533389965,3.2444252930769745e-06,0
0.5,17.286821424953395,3.029326442429105e-06,0
0.5,17.374296733165878,2.8272675899667645e-06,0
0.5,17.462214686637356,2.6375415426171036e-06,0
0.5,17.550577525255054,2.459474172042588e-06,0
0.5,17.639387500240545,2.292423178324792e-06,0
0.5,17.7286468742071,2.135776883163732e-06,0
0.5,17.818357921217334,1.9889530527496084e-06,0
0.5,17.90852292684115,1.851397750410471e-06,0
0.5,17.999144188213958,1.7225842190879579e-06,0
0.5,18.090224014095202,1.6020117936439508e-06,0
0.5,18.181764724927188,1.4892048429537113e-06,0
0.5,18.27376865289421,1.383711741696121e-06,0
0.5,18.366238141981896,1.2851038717085028e-06,0
0.5,18.45917554803704,1.1929746527325253e-06,0
0.5,18.552583238827555,1.1069386023394387e-06,0
0.5,18.64646359410279,1.026630424785691e-06,0
0.5,18.740819005654185,9.517041285158954e-07,0
0.5,18.8356518773762,8.818321719975576e-07,0
0.5,18.930964625327544,8.167046375418217e-07,0
0.5,19.026759677792754,7.56028432736055e-07,0
0.5,19.12303947534404,6.995265190881614e-07,0
0.5,19.219806470903475,6.469371674581369e-07,0
0.5,19.31706312980548,5.980132398302797e-07,0
0.5,19.41481192985964,5.525214969591636e-07,0
0.5,19.513055361413823,5.102419314040854e-07,0
0.5,19.611795927417646,4.7096712545022256e-07,0
0.5,19.711036143486215,4.345016333999363e-07,0
0.5,19.81077853796426,4.006613877047115e-07,0
0.5,19.911025651990446,3.6927312839696214e-07,0
0.5,20.01178003956226,3.401738552711368e-07,0
0.5,20.113044267600984,3.1321030225576236e-07,0
0.5,20.2148209160171,2.882384334112386e-07,0
0.5,20.31711257777605,2.651229599833095e-07,0
0.5,20.419921858964276,2.437368779383987e-07,0
0.5,20.523251378855612,2.2396102540469907e-07,0
0.5,20.62710376997803,2.0568365944182785e-07,0
0.5,20.7314816781807,1.88800051562082e-07,0
0.5,20.836387762701392,1.7321210142761937e-07,0
0.5,20.941824696234242,1.588279681503358e-07,0
0.5,21.047795164997837,1.4556171862465758e-07,0
0.5,21.154301868803646,1.3333299232788277e-07,0
0.5,21.2613475211248,1.2206668202804064e-07,0
0.5,21.36893484916525,1.116926298453821e-07,0
0.5,21.47706659392923,1.0214533812061126e-07,0
0.5,21.585745510291034,9.336369455059433e-08,0
0.5,21.69497436706532,8.529071106063646e-08,0
0.5,21.804755947077567,7.787327589140165e-08,0
0.5,21.91509304723499,7.106191838799452e-08,0
0.5,22.025988478597803,6.481058598876247e-08,0
0.5,22.13744506645083,5.9076432921803237e-08,0
0.5,22.249465650375495,5.381962012800575e-08,0
0.5,22.362053084322156,4.900312594063853e-08,0
0.5,22.475210236682816,4.45925670629691e-08,0
0.5,22.588939990364207,4.05560293971467e-08,0
0.5,22.70324524286124,3.686390828949947e-08,0
0.5,22.818128906330806,3.348875776952406e-08,0
0.5,22.933593907665998,3.040514837205344e-08,0
0.5,23.04964318857065,2.7589533144431347e-08,0
0.5,23.166279705634306,2.5020121452866626e-08,0
0.5,23.283506430407535,2.267676021455044e-08,0
0.5,23.401326349477653,2.054082219447539e-08,0
0.5,23.519742464544738,1.859510101823651e-08,0
0.5,23.63875779249823,1.6823712564336247e-08,0
0.5,23.7583753654937,1.5212002411688878e-08,0
0.5,23.878598231030125,1.3746459030038143e-08,0
0.5,23.99942945202754,1.2414632412896245e-08,0
0.5,24.120872106905058,1.1205057864336853e-08,0
0.5,24.242929289659294,1.0107184662503782e-08,0
0.5,24.365604109943213,9.111309334038804e-09,0
0.5,24.488899693145335,8.2085132847454e-09,0
0.5,24.612819180469376,7.390604542691797e-09,0
0.5,24.737365729014257,6.650063380600815e-09,0
0.5,24.862542511854556,5.979991594761361e-09,0
0.5,24.98835271812134,5.374065227824967e-09,0
0.5,25.11479955308341,4.8264905327026696e-09,0
0.5,25.24188623822898,4.331962984359209e-09,0
0.5,25.369616011347745,3.885629155594914e-09,0
0.5,25.497992126613305,3.483051281917001e-09,0
0.5,25.627017854666196,3.1201743493203067e-09,0
0.5,25.75669648269713,2.7932955472305597e-09,0
0.5,25.887031314530763,2.4990359369980315e-09,0
0.5,26.018025670709857,2.2343141941783053e-09,0
0.5,26.1496828885799,1.996322290392485e-09,0
0.5,26.282006322374112,1.7825029878274673e-09,0
0.5,26.414999343298913,1.5905290264188509e-09,0
0.5,26.548665339619795,1.418283890458521e-09,0
0.5,26.683007716747667,1.2638440477900442e-09,0
0.5,26.8180298973256,1.125462560901587e-09,0
0.5,26.95373532131603,1.001553975103537e-09,0
0.5,27.090127446088392,8.906803945918952e-10,0
0.5,27.227209746507217,7.915386625541347e-10,0
0.5,27.364985715020644,7.029485665785039e-10,0
0.5,27.50345886174944,6.238419954864203e-10,0
0.5,27.64263271457631,5.532529783281259e-10,0
0.5,27.782510819235945,4.903085406702495e-10,0
0.5,27.923096739405235,4.3422031746877206e-10,0
0.5,28.06439405679411,3.842768657677604e-10,0
0.5,28.20640637123677,3.39836624201883e-10,0
0.5,28.34913730078342,3.003214698158108e-10,0
0.5,28.492590481792412,2.6521082605393337e-10,0
0.5,28.636769569022935,2.3403627892651465e-10,0
0.5,28.78167823572809,2.0637666133135777e-10,0
0.5,28.92732017374849,1.8185356831022418e-10,0
0.5,29.07369909360632,1.6012726865424128e-10,0
0.5,29.220818724599848,1.4089298074940201e-10,0
0.5,29.36868281489847,1.238774828792231e-10,0
0.5,29.517295131638175,1.0883603038361984e-10,0
0.5,29.66665946101753,9.554955411787292e-11,0
0.5,29.816779608394178,8.382211657004722e-11,0
0.5,29.967659398381652,7.347860378567379e-11,0
0.5,30.119302674947008,6.436263292142053e-11,0
0.5,30.27171330150863,5.633465681102929e-11,0
0.5,30.424895161034694,4.9270248382769294e-11,0
0.5,30.57885215614209,4.3058549124029193e-11,0
0.5,30.73358820919585,3.760086705088859e-11,0
0.5,30.88910726240908,3.2809410813947865e-11,0
0.5,31.045413277943393,2.8606147661560123e-11,0
0.5,31.202510238009857,2.4921773992781113e-11,0
0.5,31.360402144970443,2.169478816965028e-11,0
0.5,31.519093021440007,1.8870656126316647e-11,0
0.5,31.678586910388756,1.6401061115401442e-11,0
0.5,31.838887875245263,1.424322967397104e-11,0
0.5,32.0,1.2359326576509619e-11,0
0.3333333333333333,0.01,0.004119873046875006,1
0.3333333333333333,0.010050602309159168,0.004119873046875006,1
0.3333333333333333,0.01010146067768756,0.004119873046875006,1
0.3333333333333333,0.010152576401304713,0.004119873046875006,1
0.3333333333333333,0.010203950782286803,0.004119873046875006,1
0.3333333333333333,0.010255585129499829,0.004119873046875006,1
0.3333333333333333,0.01030748075843294,0.004119873046875006,1
0.3333333333333333,0.010359638991231981,0.004119873046875006,1
0.3333333333333333,0.010412061156733151,0.004119873046875006,1
0.3333333333333333,0.010464748590496868,0.004119873046875006,1
0.3333333333333333,0.010517702634841797,0.004119873046875006,1
0.3333333333333333,0.010570924638879044,0.004119873046875006,1
0.3333333333333333,0.010624415958546525,0.004119873046875006,1
0.3333333333333333,0.010678177956643529,0.004119873046875006,1
0.3333333333333333,0.010732212002865397,0.004119873046875006,1
0.3333333333333333,0.01078651947383847,0.004119873046875006,1
0.3333333333333333,0.010841101753155127,0.004119873046875006,1
0.3333333333333333,0.010895960231409043,0.004119873046875006,1
0.3333333333333333,0.010951096306230618,0.004119873046875006,1
0.3333333333333333,0.011006511382322589,0.004119873046875006,1
0.3333333333333333,0.011062206871495808,0.004119873046875006,1
0.3333333333333333,0.011118184192705225,0.004119873046875006,1
0.3333333333333333,0.011174444772086008,0.004119873046875006,1
0.3333333333333333,0.011230990042989924,0.004119873046875006,1
0.3333333333333333,0.011287821446021815,0.004119873046875003,1
0.3333333333333333,0.011344940429076324,0.004119873046875003,1
0.3333333333333333,0.01140234844737477,0.004119873046875003,1
0.3333333333333333,0.011460046963502233,0.004119873046875003,1
0.3333333333333333,0.011518037447444805,0.004119873046875003,1
0.3333333333333333,0.011576321376627058,0.004119873046875003,1
0.3333333333333333,0.011634900235949656,0.004119873046875003,1
0.3333333333333333,0.011693775517827215,0.004119873046875003,1
0.3333333333333333,0.011752948722226316,0.004119873046875003,1
0.3333333333333333,0.01181242135670371,0.004119873046875003,1
0.3333333333333333,0.011872194936444739,0.004119873046875003,1
0.3333333333333333,0.011932270984301928,0.004119873046874999,1
0.3333333333333333,0.01199265103083379,0.004119873046874999,1
0.3333333333333333,0.012053336614343822,0.004119873046874999,1
0.3333333333333333,0.012114329280919676,0.004119873046874999,1
0.3333333333333333,0.012175630584472583,0.004119873046874999,1
0.3333333333333333,0.012237242086776914,0.004119873046874999,1
0.3333333333333333,0.01229916535750998,0.004119873046874999,1
0.3333333333333333,0.012361401974292027,0.004119873046874999,1
0.3333333333333333,0.012423953522726414,0.004119873046874999,1
0.3333333333333333,0.012486821596440028,0.004119873046874999,1
0.3333333333333333,0.012550007797123877,0.004119873046874999,1
0.3333333333333333,0.01261351373457388,0.004119873046874999,1
0.3333333333333333,0.012677341026731914,0.004119873046874999,1
0.3333333333333333,0.012741491299727003,0.004119873046874999,1
0.3333333333333333,0.012805966187916766,0.004119873046874999,1
0.3333333333333333,0.012870767333929048,0.004119873046874999,1
0.3333333333333333,0.012935896388703768,0.004119873046874999,1
0.3333333333333333,0.013001355011534984,0.004119873046874999,1
0.3333333333333333,0.013067144870113163,0.004119873046874999,1
0.3333333333333333,0.01313326764056768,0.004119873046874999,1
0.3333333333333333,0.01319972500750949,0.004119873046874999,1
0.3333333333333333,0.01326651866407409,0.004119873046874999,1
0.3333333333333333,0.013333650311964625,0.004119873046874999,1
0.3333333333333333,0.013401121661495253,0.004119873046874996,1
0.3333333333333333,0.013468934431634714,0.004119873046874996,1
0.3333333333333333,0.013537090350050128,0.004119873046874996,1
0.3333333333333333,0.013605591153151018,0.004119873046874996,1
0.3333333333333333,0.013674438586133517,0.004119873046874996,1
0.3333333333333333,0.013743634403024875,0.004119873046874991,1
0.3333333333333333,0.01381318036672812,0.004119873046874991,1
0.3333333333333333,0.013883078249066972,0.004119873046874991,1
0.3333333333333333,0.013953329830830993,0.004119873046874991,1
0.3333333333333333,0.014023936901820949,0.004119873046874991,1
0.3333333333333333,0.01409490126089441,0.004119873046874991,1
0.3333333333333333,0.014166224716011583,0.004119873046874991,1
0.3333333333333333,0.014237909084281377,0.004119873046874991,1
0.3333333333333333,0.01430995619200767,0.004119873046874991,1
0.3333333333333333,0.014382367874735883,0.004119873046874991,1
0.3333333333333333,0.01445514597729971,0.004119873046874991,1
0.3333333333333333,0.014528292353868133,0.004119873046874991,1
0.3333333333333333,0.014601808867992654,0.004119873046874991,1
0.3333333333333333,0.014675697392654778,0.004119873046874988,1
0.3333333333333333,0.014749959810313738,0.004119873046874988,1
0.3333333333333333,0.014824598012954418,0.004119873046874988,1
0.3333333333333333,0.014899613902135608,0.004119873046874984,1
0.3333333333333333,0.01497500938903842,0.004119873046874984,1
0.3333333333333333,0.015050786394514976,0.004119873046874984,1
0.3333333333333333,0.015126946849137362,0.004119873046874984,1
0.3333333333333333,0.015203492693246798,0.004119873046874984,1
0.3333333333333333,0.01528042587700308,0.004119873046874984,1
0.3333333333333333,0.015357748360434267,0.004119873046874984,1
0.3333333333333333,0.015435462113486615,0.004119873046874984,1
0.3333333333333333,0.015513569116074741,0.004119873046874981,1
0.3333333333333333,0.015592071358132115,0.004119873046874981,1
0.3333333333333333,0.015670970839661718,0.004119873046874977,1
0.3333333333333333,0.015750269570787005,0.004119873046874977,1
0.3333333333333333,0.015829969571803125,0.004119873046874977,1
0.3333333333333333,0.015910072873228386,0.004119873046874977,1
0.3333333333333333,0.015990581515855994,0.004119873046874977,1
0.3333333333333333,0.016071497550806016,0.004119873046874977,1
0.3333333333333333,0.016152823039577685,0.004119873046874973,1
0.3333333333333333,0.016234560054101888,0.00411987304687497,1
0.3333333333333333,0.016316710676793963,0.00411987304687497,1
0.3333333333333333,0.016399277000606748,0.00411987304687497,1
0.3333333333333333,0.0164822611290839,0.00411987304687497,1
0.3333333333333333,0.016565665176413506,0.00411987304687497,1
0.3333333333333333,0.01664949126748192,0.004119873046874966,1
0.3333333333333333,0.016733741537927917,0.004119873046874966,1
0.3333333333333333,0.01681841813419711,0.004119873046874963,1
0.3333333333333333,0.016903523213596592,0.004119873046874963,1
0.3333333333333333,0.01698905894434995,0.004119873046874963,1
0.3333333333333333,0.017075027505652485,0.004119873046874963,1
0.3333333333333333,0.017161431087726716,0.004119873046874958,1
0.3333333333333333,0.017248271891878206,0.004119873046874955,1
0.3333333333333333,0.01733555213055163,0.004119873046874955,1
0.3333333333333333,0.01742327402738714,0.004119873046874955,1
0.3333333333333333,0.017511439817277017,0.004119873046874955,1
0.3333333333333333,0.017600051746422617,0.004119873046874951,1
0.3333333333333333,0.017689112072391603,0.004119873046874948,1
0.3333333333333333,0.017778623064175436,0.004119873046874948,1
0.3333333333333333,0.017868587002247208,0.004119873046874948,1
0.3333333333333333,0.01795900617861973,0.0041198730468749445,1
0.3333333333333333,0.018049882896903922,0.00411987304687494,1
0.3333333333333333,0.018141219472367513,0.00411987304687494,1
0.3333333333333333,0.01823301823199403,0.00411987304687494,1
0.3333333333333333,0.01832528151454204,0.004119873046874933,1
0.3333333333333333,0.018418011670604802,0.004119873046874933,1
0.3333333333333333,0.018511211062670115,0.004119873046874933,1
0.3333333333333333,0.0186048820651805,0.00411987304687493,1
0.3333333333333333,0.018699027064593712,0.004119873046874925,1
0.3333333333333333,0.018793648459443545,0.004119873046874925,1
0.3333333333333333,0.018888748660400894,0.0041198730468749185,1
0.3333333333333333,0.018984330090335236,0.0041198730468749185,1
0.3333333333333333,0.01908039518437632,0.0041198730468749185,1
0.3333333333333333,0.01917694638997621,0.0041198730468749115,1
0.3333333333333333,0.019273986166971648,0.0041198730468749115,1
0.3333333333333333,0.019371516987646713,0.004119873046874907,1
0.3333333333333333,0.01946954133679581,0.004119873046874904,1
0.3333333333333333,0.019568061711786985,0.004119873046874904,1
0.3333333333333333,0.019667080622625534,0.004119873046874897,1
0.3333333333333333,0.019766600592017975,0.004119873046874897,1
0.3333333333333333,0.01986662415543629,0.004119873046874889,1
0.3333333333333333,0.019967153861182533,0.004119873046874889,1
0.3333333333333333,0.020068192270453755,0.004119873046874882,1
0.3333333333333333,0.02016974195740727,0.004119873046874882,1
0.3333333333333333,0.020271805509226207,0.004119873046874874,1
0.3333333333333333,0.020374385526185444,0.004119873046874874,1
0.3333333333333333,0.020477484621717865,0.004119873046874867,1
0.3333333333333333,0.020581105422480896,0.004119873046874864,1
0.3333333333333333,0.020685250568423477,0.0041198730468748595,1
0.3333333333333333,0.0207899227128533,0.0041198730468748525,1
0.3333333333333333,0.0208951245225044,0.0041198730468748525,1
0.3333333333333333,0.021000858677605108,0.004119873046874846,1
0.3333333333333333,0.021107127871946324,0.004119873046874841,1
0.3333333333333333,0.02121393481295016,0.004119873046874838,1
0.3333333333333333,0.02132128222173889,0.004119873046874831,1
0.3333333333333333,0.02142917283320432,0.004119873046874823,1
0.3333333333333333,0.021537609396077437,0.00411987304687482,1
0.3333333333333333,0.021646594672998412,0.004119873046874816,1
0.3333333333333333,0.021756131440587037,0.004119873046874808,1
0.3333333333333333,0.021866222489513445,0.004119873046874801,1
0.3333333333333333,0.021976870624569197,0.0041198730468747944,1
0.3333333333333333,0.022088078664738747,0.004119873046874787,1
0.3333333333333333,0.02219984944327127,0.00411987304687478,1
0.3333333333333333,0.02231218580775281,0.004119873046874772,1
0.3333333333333333,0.022425090620178882,0.004119873046874768,1
0.3333333333333333,0.022538566757027347,0.004119873046874757,1
0.3333333333333333,0.022652617109331714,0.00411987304687475,1
0.3333333333333333,0.022767244582754777,0.004119873046874743,1
0.3333333333333333,0.022882452097662674,0.0041198730468747355,1
0.3333333333333333,0.022998242589199254,0.0041198730468747285,1
0.3333333333333333,0.023114619007360875,0.004119873046874721,1
0.3333333333333333,0.02323158431707156,0.004119873046874714,1
0.3333333333333333,0.023349141498258546,0.0041198730468747025,1
0.3333333333333333,0.02346729354592815,0.004119873046874691,1
0.3333333333333333,0.023586043470242152,0.004119873046874684,1
0.3333333333333333,0.023705394296594427,0.004119873046874673,1
0.3333333333333333,0.02382534906568805,0.004119873046874663,1
0.3333333333333333,0.023945910833612756,0.004119873046874655,1
0.3333333333333333,0.024067082671922806,0.00411987304687464,1
0.3333333333333333,0.024188867667715195,0.004119873046874633,1
0.3333333333333333,0.024311268923708388,0.004119873046874618,1
0.3333333333333333,0.024434289558321304,0.004119873046874607,1
0.3333333333333333,0.024557932705752784,0.004119873046874597,1
0.3333333333333333,0.02468220151606144,0.004119873046874582,1
0.3333333333333333,0.024807099155245902,0.004119873046874567,1
0.3333333333333333,0.024932628805325492,0.0041198730468745524,1
0.3333333333333333,0.025058793664421278,0.004119873046874541,1
0.3333333333333333,0.025185596946837564,0.004119873046874527,1
0.3333333333333333,0.025313041883143785,0.0041198730468745125,1
0.3333333333333333,0.025441131720256766,0.004119873046874498,1
0.3333333333333333,0.02556986972152352,0.00411987304687448,1
0.3333333333333333,0.02569925916680434,0.004119873046874465,1
0.3333333333333333,0.02582930335255636,0.00411987304687445,1
0.3333333333333333,0.02596000559191756,0.004119873046874432,1
0.3333333333333333,0.026091369214791167,0.004119873046874414,1
0.3333333333333333,0.026223397567930455,0.004119873046874399,1
0.3333333333333333,0.026356094015024076,0.004119873046874377,1
0.3333333333333333,0.02648946193678171,0.004119873046874359,1
0.3333333333333333,0.026623504731020212,0.00411987304687434,1
0.3333333333333333,0.02675822581275018,0.004119873046874318,1
0.3333333333333333,0.026893628614262942,0.004119873046874297,1
0.3333333333333333,0.027029716585218022,0.004119873046874275,1
0.3333333333333333,0.02716649319273101,0.004119873046874252,1
0.3333333333333333,0.027303961921461912,0.004119873046874231,1
0.3333333333333333,0.027442126273703907,0.004119873046874205,1
0.3333333333333333,0.02758098976947261,0.0041198730468741795,1
0.3333333333333333,0.02772055594659568,0.004119873046874157,1
0.3333333333333333,0.027860828360803048,0.004119873046874128,1
0.3333333333333333,0.028001810585817435,0.004119873046874102,1
0.3333333333333333,0.028143506213445437,0.004119873046874077,1
0.3333333333333333,0.02828591885366901,0.004119873046874048,1
0.3333333333333333,0.028429052134737474,0.004119873046874018,1
0.3333333333333333,0.028572909703259885,0.004119873046873985,1
0.3333333333333333,0.02871749522429802,0.004119873046873952,1
0.3333333333333333,0.028862812381459706,0.004119873046873923,1
0.3333333333333333,0.029008864876992675,0.004119873046873891,1
0.3333333333333333,0.029155656431878885,0.004119873046873858,1
0.3333333333333333,0.02930319078592933,0.00411987304687382,1
0.3333333333333333,0.029451471697879296,0.004119873046873784,1
0.3333333333333333,0.029600502945484154,0.0041198730468737475,1
0.3333333333333333,0.02975028832561558,0.004119873046873708,1
0.3333333333333333,0.029900831654358313,0.004119873046873667,1
0.3333333333333333,0.030052136767107322,0.004119873046873627,1
0.3333333333333333,0.0302042075186656,0.004119873046873586,1
0.3333333333333333,0.03035704778334232,0.004119873046873543,1
0.3333333333333333,0.03051066145505155,0.004119873046873495,1
0.3333333333333333,0.030665052447411474,0.004119873046873447,1
0.3333333333333333,0.030820224693844094,0.004119873046873403,1
0.3333333333333333,0.030976182147675387,0.004119873046873352,1
0.3333333333333333,0.031132928782236124,0.004119873046873301,1
0.3333333333333333,0.03129046859096303,0.00411987304687325,1
0.3333333333333333,0.031448805587500545,0.004119873046873195,1
0.3333333333333333,0.031607943805803076,0.00411987304687314,1
0.3333333333333333,0.03176788730023776,0.004119873046873081,1
0.3333333333333333,0.03192864014568778,0.004119873046873023,1
0.3333333333333333,0.03209020643765618,0.004119873046872964,1
0.3333333333333333,0.03225259029237016,0.004119873046872898,1
0.3333333333333333,0.03241579584688601,0.0041198730468728325,1
0.3333333333333333,0.032579827259194484,0.0041198730468727665,1
0.3333333333333333,0.03274468870832669,0.004119873046872701,1
0.3333333333333333,0.03291038439446064,0.004119873046872628,1
0.3333333333333333,0.033076918539028194,0.004119873046872555,1
0.3333333333333333,0.03324429538482266,0.004119873046872481,1
0.3333333333333333,0.03341251919610681,0.0041198730468724005,1
0.3333333333333333,0.03358159425872161,0.004119873046872324,1
0.3333333333333333,0.03375152488019537,0.00411987304687224,1
0.3333333333333333,0.03392231538985348,0.004119873046872156,1
0.3333333333333333,0.03409397013892869,0.004119873046872072,1
0.3333333333333333,0.03426649350067204,0.00411987304687198,1
0.3333333333333333,0.03443988987046421,0.004119873046871889,1
0.3333333333333333,0.0346141636659275,0.004119873046871793,1
0.3333333333333333,0.03478931932703843,0.004119873046871691,1
0.3333333333333333,0.03496536131624081,0.004119873046871589,1
0.3333333333333333,0.03514229411855946,0.004119873046871486,1
0.3333333333333333,0.03532012224171445,0.004119873046871376,1
0.3333333333333333,0.03549885021623594,0.004119873046871267,1
0.3333333333333333,0.03567848259557963,0.004119873046871153,1
0.3333333333333333,0.03585902395624278,0.004119873046871033,1
0.3333333333333333,0.036040478897880784,0.004119873046870911,1
0.3333333333333333,0.03622285204342429,0.004119873046870787,1
0.3333333333333333,0.0364061480391971,0.004119873046870659,1
0.3333333333333333,0.036590371555034494,0.004119873046870527,1
0.3333333333333333,0.036775527284402164,0.004119873046870388,1
0.3333333333333333,0.036961619944515835,0.004119873046870246,1
0.3333333333333333,0.03714865427646145,0.004119873046870099,1
0.3333333333333333,0.0373366350453159,0.004119873046869949,1
0.3333333333333333,0.037525567040268513,0.004119873046869796,1
0.3333333333333333,0.037715455074742985,0.0041198730468696345,1
0.3333333333333333,0.03790630398652007,0.00411987304686947,1
0.3333333333333333,0.0380981186378608,0.004119873046869298,1
0.3333333333333333,0.03829090391563037,0.004119873046869126,1
0.3333333333333333,0.03848466473142267,0.004119873046868947,1
0.3333333333333333,0.038679406021685306,0.00411987304686876,1
0.3333333333333333,0.038875132747845535,0.004119873046868566,1
0.3333333333333333,0.039071849896436556,0.0041198730468683725,1
0.3333333333333333,0.039269562479224585,0.004119873046868167,1
0.3333333333333333,0.03946827553333648,0.004119873046867959,1
0.3333333333333333,0.039667994121388196,0.004119873046867743,1
0.3333333333333333,0.03986872333161365,0.00411987304686752,1
0.3333333333333333,0.04007046827799442,0.004119873046867293,1
0.3333333333333333,0.040273234100389986,0.004119873046867055,1
0.3333333333333333,0.040477025964668734,0.0041198730468668095,1
0.3333333333333333,0.04068184906283952,0.004119873046866561,1
0.3333333333333333,0.040887708613183964,0.004119873046866301,1
0.3333333333333333,0.041094609860389396,0.004119873046866034,1
0.3333333333333333,0.04130255807568248,0.004119873046865759,1
0.3333333333333333,0.04151155855696349,0.004119873046865478,1
0.3333333333333333,0.04172161662894135,0.004119873046865185,1
0.3333333333333333,0.04193273764326915,0.004119873046864885,1
0.3333333333333333,0.04214492697868065,0.004119873046864574,1
0.3333333333333333,0.042358190041127224,0.004119873046864256,1
0.3333333333333333,0.04257253226391564,0.004119873046863926,1
0.3333333333333333,0.04278795910784637,0.004119873046863586,1
0.3333333333333333,0.04300447606135288,0.004119873046863239,1
0.3333333333333333,0.043222088640641344,0.004119873046862876,1
0.3333333333333333,0.043440802389831217,0.0041198730468625065,1
0.3333333333333333,0.04366062288109647,0.004119873046862122,1
0.3333333333333333,0.043881555714807584,0.004119873046861727,1
0.3333333333333333,0.044103606519674175,0.004119873046861321,1
0.3333333333333333,0.04432678095288846,0.004119873046860904,1
0.3333333333333333,0.04455108470026934,0.004119873046860472,1
0.3333333333333333,0.04477652347640727,0.004119873046860026,1
0.3333333333333333,0.045003103024809865,0.004119873046859564,1
0.3333333333333333,0.04523082911804822,0.004119873046859093,1
0.3333333333333333,0.04545970755790392,0.004119873046858606,1
0.3333333333333333,0.04568974417551696,0.004119873046858101,1
0.3333333333333333,0.04592094483153424,0.004119873046857589,1
0.3333333333333333,0.0461533154162589,0.004119873046857054,1
0.3333333333333333,0.046386861849800315,0.004119873046856505,1
0.3333333333333333,0.04662159008222504,0.0041198730468559345,1
0.3333333333333333,0.04685750609370832,0.0041198730468553525,1
0.3333333333333333,0.047094615894686456,0.004119873046854752,1
0.3333333333333333,0.04733292552600998,0.004119873046854135,1
0.3333333333333333,0.047572441059097484,0.00411987304685349,1
0.3333333333333333,0.04781316859609036,0.0041198730468528354,1
0.3333333333333333,0.04805511427000824,0.004119873046852158,1
0.3333333333333333,0.048298284244905246,0.0041198730468514555,1
0.3333333333333333,0.04854268471602706,0.004119873046850738,1
0.3333333333333333,0.0487883219099687,0.004119873046849992,1
0.3333333333333333,0.04903520208483325,0.004119873046849227,1
0.3333333333333333,0.049283331530391154,0.0041198730468484405,1
0.3333333333333333,0.04953271656824061,0.004119873046847629,1
0.3333333333333333,0.04978336355196857,0.0041198730468467865,1
0.3333333333333333,0.05003527886731259,0.004119873046845923,1
0.3333333333333333,0.05028846893232349,0.004119873046845038,1
0.3333333333333333,0.05054294019752895,0.004119873046844116,1
0.3333333333333333,0.050798699146097824,0.004119873046843171,1
0.3333333333333333,0.05105575229400527,0.004119873046842198,1
0.3333333333333333,0.051314106190198785,0.0041198730468411954,1
0.3333333333333333,0.051573767416765066,0.00411987304684016,1
0.3333333333333333,0.05183474258909768,0.004119873046839095,1
0.3333333333333333,0.05209703835606563,0.0041198730468379975,1
0.3333333333333333,0.052360661400182695,0.004119873046836863,1
0.3333333333333333,0.05262561843777775,0.004119873046835699,1
0.3333333333333333,0.052891916219165835,0.004119873046834492,1
0.3333333333333333,0.05315956152882014,0.004119873046833255,1
0.3333333333333333,0.053428561185544884,0.004119873046831978,1
0.3333333333333333,0.05369892204264893,0.004119873046830664,1
0.3333333333333333,0.05397065098812055,0.004119873046829303,1
0.3333333333333333,0.0542437549448028,0.004119873046827905,1
0.3333333333333333,0.05451824087056993,0.004119873046826468,1
0.3333333333333333,0.05479411575850459,0.004119873046824985,1
0.3333333333333333,0.0550713866370761,0.004119873046823452,1
0.3333333333333333,0.05535006057031944,0.004119873046821875,1
0.3333333333333333,0.05563014465801524,0.00411987304682025,1
0.3333333333333333,0.05591164603587065,0.004119873046818575,1
0.3333333333333333,0.05619457187570116,0.004119873046816851,1
0.3333333333333333,0.056478929385613295,0.004119873046815072,1
0.3333333333333333,0.05676472581018826,0.0041198730468132395,1
0.3333333333333333,0.05705196843066651,0.004119873046811351,1
0.3333333333333333,0.05734066456513328,0.004119873046809404,1
0.3333333333333333,0.057630821568704985,0.0041198730468073996,1
0.3333333333333333,0.05792244683371666,0.004119873046805332,1
0.3333333333333333,0.058215547789910185,0.004119873046803198,1
0.3333333333333333,0.058510131904623716,0.004119873046801003,1
0.3333333333333333,0.058806206682981865,0.0041198730467987416,1
0.3333333333333333,0.059103779668086914,0.004119873046796414,1
0.3333333333333333,0.059402858441210904,0.004119873046794007,1
0.3333333333333333,0.05970345062198895,0.004119873046791533,1
0.3333333333333333,0.06000556386861325,0.004119873046788983,1
0.3333333333333333,0.06030920587802823,0.004119873046786351,1
0.3333333333333333,0.06061438438612662,0.004119873046783644,1
0.3333333333333333,0.06092110716794656,0.004119873046780848,1
0.3333333333333333,0.061229382037869685,0.004119873046777972,1
0.3333333333333333,0.0615392168498202,0.004119873046775008,1
0.3333333333333333,0.06185061949746497,0.004119873046771949,1
0.3333333333333333,0.06216359791441465,0.004119873046768802,1
0.3333333333333333,0.06247816007442579,0.004119873046765553,1
0.3333333333333333,0.06279431399160403,0.004119873046762208,1
0.3333333333333333,0.06311206772060814,0.004119873046758761,1
0.3333333333333333,0.06343142935685539,0.004119873046755212,1
0.3333333333333333,0.06375240703672774,0.004119873046751549,1
0.3333333333333333,0.06407500893777913,0.004119873046747776,1
0.3333333333333333,0.06439924327894374,0.0041198730467438905,1
0.3333333333333333,0.0647251183207455,0.00411987304673988,1
0.3333333333333333,0.0650526423655085,0.004119873046735752,1
0.3333333333333333,0.06538182375756853,0.0041198730467315,1
0.3333333333333333,0.0657126708834856,0.0041198730467271166,1
0.3333333333333333,0.06604519217225768,0.004119873046722594,1
0.3333333333333333,0.0663793960955354,0.00411987304671794,1
0.3333333333333333,0.06671529116783792,0.0041198730467131425,1
0.3333333333333333,0.06705288594676981,0.0041198730467081985,1
0.3333333333333333,0.0673921890332391,0.004119873046703102,1
0.3333333333333333,0.0677332090716764,0.004119873046697851,1
0.3333333333333333,0.0680759547502552,0.004119873046692442,1
0.3333333333333333,0.068420434801113,0.004119873046686866,1
0.3333333333333333,0.06876665800057405,0.004119873046681117,1
0.3333333333333333,0.06911463316937284,0.004119873046675193,1
0.3333333333333333,0.06946436917287875,0.0041198730466690935,1
0.3333333333333333,0.06981587492132205,0.0041198730466628026,1
0.3333333333333333,0.0701691593700207,0.004119873046656326,1
0.3333333333333333,0.07052423151960877,0.004119873046649645,1
0.3333333333333333,0.07088110041626557,0.004119873046642766,1
0.3333333333333333,0.07123977515194617,0.004119873046635674,1
0.3333333333333333,0.071600264864613,0.0041198730466283666,1
0.3333333333333333,0.07196257873846876,0.004119873046620836,1
0.3333333333333333,0.07232672600419025,0.004119873046613075,1
0.3333333333333333,0.0726927159391637,0.004119873046605075,1
0.3333333333333333,0.07306055786772102,0.004119873046596835,1
0.3333333333333333,0.07343026116137738,0.004119873046588346,1
0.3333333333333333,0.07380183523907004,0.004119873046579593,1
0.3333333333333333,0.07417528956739822,0.004119873046570577,1
0.3333333333333333,0.07455063366086424,0.004119873046561282,1
0.3333333333333333,0.07492787708211614,0.00411987304655171,1
0.3333333333333333,0.07530702944219107,0.004119873046541838,1
0.3333333333333333,0.07568810040076035,0.004119873046531672,1
0.3333333333333333,0.07607109966637529,0.004119873046521193,1
0.3333333333333333,0.07645603699671487,0.004119873046510394,1
0.3333333333333333,0.07684292219883412,0.004119873046499267,1
0.3333333333333333,0.07723176512941406,0.004119873046487799,1
0.3333333333333333,0.07762257569501274,0.004119873046475987,1
0.3333333333333333,0.07801536385231775,0.004119873046463809,1
0.3333333333333333,0.07841013960839974,0.004119873046451262,1
0.3333333333333333,0.07880691302096751,0.004119873046438334,1
0.3333333333333333,0.07920569419862418,0.0041198730464250075,1
0.3333333333333333,0.07960649330112472,0.004119873046411278,1
0.3333333333333333,0.08000932053963479,0.004119873046397131,1
0.3333333333333333,0.08041418617699099,0.004119873046382554,1
0.3333333333333333,0.0808211005279621,0.004119873046367533,1
0.3333333333333333,0.08123007395951211,0.00411987304635205,1
0.3333333333333333,0.08164111689106424,0.0041198730463361,1
0.3333333333333333,0.08205423979476642,0.0041198730463196595,1
0.3333333333333333,0.08246945319575795,0.004119873046302725,1
0.3333333333333333,0.08288676767243788,0.00411987304628527,1
0.3333333333333333,0.08330619385673436,0.004119873046267282,1
0.3333333333333333,0.08372774243437557,0.004119873046248748,1
0.3333333333333333,0.08415142414516193,0.004119873046229651,1
0.3333333333333333,0.0845772497832397,0.004119873046209972,1
0.3333333333333333,0.08500523019737606,0.004119873046189692,1
0.3333333333333333,0.08543537629123546,0.004119873046168795,1
0.3333333333333333,0.08586769902365735,0.004119873046147261,1
0.3333333333333333,0.0863022094089355,0.004119873046125071,1
0.3333333333333333,0.08673891851709853,0.004119873046102209,1
0.3333333333333333,0.08717783747419199,0.004119873046078651,1
0.3333333333333333,0.08761897746256166,0.004119873046054373,1
0.3333333333333333,0.08806234972113873,0.004119873046029354,1
0.3333333333333333,0.08850796554572592,0.004119873046003579,1
0.3333333333333333,0.08895583628928534,0.0041198730459770135,1
0.3333333333333333,0.08940597336222762,0.004119873045949643,1
0.3333333333333333,0.0898583882327028,0.004119873045921442,1
0.3333333333333333,0.09031309242689238,0.004119873045892381,1
0.3333333333333333,0.090770097529303,0.004119873045862434,1
0.3333333333333333,0.09122941518306156,0.004119873045831576,1
0.3333333333333333,0.0916910570902119,0.004119873045799778,1
0.3333333333333333,0.09215503501201287,0.004119873045767013,1
0.3333333333333333,0.09262136076923806,0.004119873045733254,1
0.3333333333333333,0.09309004624247684,0.00411987304569847,1
0.3333333333333333,0.09356110337243716,0.00411987304566262,1
0.3333333333333333,0.09403454416024964,0.004119873045625684,1
0.3333333333333333,0.09451038066777354,0.004119873045587625,1
0.3333333333333333,0.09498862501790367,0.004119873045548407,1
0.3333333333333333,0.0954692893948797,0.0041198730455079945,1
0.3333333333333333,0.09595238604459627,0.00411987304546636,1
0.3333333333333333,0.09643792727491513,0.004119873045423453,1
0.3333333333333333,0.09692592545597864,0.0041198730453792425,1
0.3333333333333333,0.09741639302052484,0.004119873045333685,1
0.3333333333333333,0.0979093424642044,0.004119873045286745,1
0.3333333333333333,0.09840478634589885,0.004119873045238382,1
0.3333333333333333,0.09890273728804055,0.004119873045188548,1
0.3333333333333333,0.0994032079769343,0.004119873045137195,1
0.3333333333333333,0.09990621116308049,0.00411987304508428,1
0.3333333333333333,0.10041175966150002,0.004119873045029757,1
0.3333333333333333,0.10091986635206075,0.004119873044973578,1
0.3333333333333333,0.10143054417980564,0.004119873044915693,1
0.3333333333333333,0.10194380615528262,0.004119873044856049,1
0.3333333333333333,0.10245966535487581,0.004119873044794593,1
0.3333333333333333,0.10297813492113904,0.004119873044731267,1
0.3333333333333333,0.10349922806313044,0.004119873044666016,1
0.3333333333333333,0.10402295805674902,0.004119873044598783,1
0.3333333333333333,0.1045493382450729,0.004119873044529511,1
0.3333333333333333,0.10507838203869926,0.004119873044458131,1
0.3333333333333333,0.10561010291608601,0.0041198730443845815,1
0.3333333333333333,0.10614451442389519,0.004119873044308804,1
0.3333333333333333,0.10668163017733798,0.00411987304423072,1
0.3333333333333333,0.10722146386052174,0.0041198730441502655,1
0.3333333333333333,0.1077640292267986,0.0041198730440673665,1
0.3333333333333333,0.10830934009911582,0.004119873043981954,1
0.3333333333333333,0.10885741037036792,0.004119873043893944,1
0.3333333333333333,0.10940825400375069,0.004119873043803262,1
0.3333333333333333,0.10996188503311695,0.004119873043709828,1
0.3333333333333333,0.11051831756333408,0.004119873043613555,1
0.3333333333333333,0.11107756577064318,0.004119873043514362,1
0.3333333333333333,0.11163964390302057,0.004119873043412157,1
0.3333333333333333,0.11220456628054057,0.00411987304330685,1
0.3333333333333333,0.1127723472957404,0.004119873043198348,1
0.3333333333333333,0.11334300141398682,0.004119873043086552,1
0.3333333333333333,0.11391654317384468,0.004119873042971361,1
0.3333333333333333,0.11449298718744734,0.004119873042852676,1
0.3333333333333333,0.11507234814086899,0.004119873042730389,1
0.3333333333333333,0.11565464079449855,0.004119873042604389,1
0.3333333333333333,0.11623987998341613,0.004119873042474572,1
0.3333333333333333,0.11682808061777067,0.0041198730423408145,1
0.3333333333333333,0.11741925768315994,0.0041198730422029985,1
0.3333333333333333,0.11801342624101227,0.0041198730420610044,1
0.3333333333333333,0.1186106014289703,0.0041198730419147,1
0.3333333333333333,0.11921079846127666,0.0041198730417639625,1
0.3333333333333333,0.11981403262916161,0.004119873041608653,1
0.3333333333333333,0.12042031930123236,0.004119873041448629,1
0.3333333333333333,0.12102967392386503,0.004119873041283754,1
0.3333333333333333,0.1216421120215979,0.004119873041113884,1
0.3333333333333333,0.122257649197527,0.004119873040938861,1
0.3333333333333333,0.12287630113370365,0.004119873040758533,1
0.3333333333333333,0.12349808359153393,0.004119873040572738,1
0.3333333333333333,0.12412301241218028,0.004119873040381312,1
0.3333333333333333,0.12475110351696518,0.004119873040184081,1
0.3333333333333333,0.12538237290777648,0.004119873039980876,1
0.3333333333333333,0.1260168366674754,0.004119873039771512,1
0.3333333333333333,0.12665451096030622,0.004119873039555807,1
0.3333333333333333,0.12729541203230788,0.0041198730393335594,1
0.3333333333333333,0.12793955621172814,0.004119873039104583,1
0.3333333333333333,0.12858695990943939,0.004119873038868667,1
0.3333333333333333,0.1292376396193569,0.004119873038625607,1
0.3333333333333333,0.12989161191885895,0.004119873038375183,1
0.3333333333333333,0.13054889346920903,0.004119873038117178,1
0.3333333333333333,0.13120950101598064,0.004119873037851353,1
0.3333333333333333,0.13187345138948373,0.004119873037577478,1
0.3333333333333333,0.13254076150519345,0.004119873037295315,1
0.3333333333333333,0.1332114483641812,0.004119873037004604,1
0.3333333333333333,0.13388552905354767,0.004119873036705092,1
0.3333333333333333,0.13456302074685833,0.004119873036396513,1
0.3333333333333333,0.13524394070458073,0.004119873036078596,1
0.3333333333333333,0.13592830627452454,0.004119873035751055,1
0.3333333333333333,0.1366161348922831,0.004119873035413599,1
0.3333333333333333,0.13730744408167808,0.004119873035065928,1
0.3333333333333333,0.13800225145520573,0.004119873034707742,1
0.3333333333333333,0.13870057471448546,0.004119873034338714,1
0.3333333333333333,0.13940243165071114,0.004119873033958517,1
0.3333333333333333,0.14010784014510405,0.004119873033566823,1
0.3333333333333333,0.14081681816936864,0.004119873033163275,1
0.3333333333333333,0.14152938378615038,0.004119873032747526,1
0.3333333333333333,0.14224555514949572,0.004119873032319196,1
0.3333333333333333,0.14296535050531495,0.004119873031877913,1
0.3333333333333333,0.14368878819184683,0.004119873031423289,1
0.3333333333333333,0.14441588664012583,0.004119873030954914,1
0.3333333333333333,0.14514666437445173,0.004119873030472378,1
0.3333333333333333,0.14588114001286154,0.004119873029975255,1
0.3333333333333333,0.14661933226760382,0.004119873029463102,1
0.3333333333333333,0.1473612599456155,0.00411987302893547,1
0.3333333333333333,0.14810694194900076,0.004119873028391891,1
0.3333333333333333,0.14885639727551297,0.004119873027831882,1
0.3333333333333333,0.14960964501903853,0.004119873027254946,1
0.3333333333333333,0.1503667043700832,0.004119873026660586,1
0.3333333333333333,0.15112759461626124,0.004119873026048258,1
0.3333333333333333,0.15189233514278658,0.004119873025417437,1
0.3333333333333333,0.1526609454329669,0.004119873024767558,1
0.3333333333333333,0.15343344506869996,0.004119873024098045,1
0.3333333333333333,0.15420985373097224,0.004119873023408315,1
0.3333333333333333,0.1549901912003607,0.004119873022697753,1
0.3333333333333333,0.15577447735753663,0.004119873021965737,1
0.3333333333333333,0.15656273218377204,0.004119873021211616,1
0.3333333333333333,0.15735497576144875,0.004119873020434728,1
0.3333333333333333,0.15815122827457018,0.004119873019634385,1
0.3333333333333333,0.15895151000927538,0.004119873018809883,1
0.3333333333333333,0.15975584135435605,0.004119873017960491,1
0.3333333333333333,0.16056424280177567,0.0041198730170854715,1
0.3333333333333333,0.16137673494719199,0.004119873016184042,1
0.3333333333333333,0.16219333849048148,0.004119873015255412,1
0.3333333333333333,0.16301407423626676,0.00411987301429877,1
0.3333333333333333,0.1638389630944467,0.004119873013313264,1
0.3333333333333333,0.16466802608072897,0.004119873012298028,1
0.3333333333333333,0.16550128431716565,0.0041198730112521715,1
0.3333333333333333,0.1663387590326914,0.004119873010174773,1
0.3333333333333333,0.16718047156366386,0.004119873009064884,1
0.3333333333333333,0.1680264433544079,0.004119873007921532,1
0.3333333333333333,0.1688766959577614,0.004119873006743703,1
0.3333333333333333,0.16973125103562475,0.0041198730055303666,1
0.3333333333333333,0.17059013035951245,0.004119873004280459,1
0.3333333333333333,0.17145335581110793,0.004119873002992877,1
0.3333333333333333,0.172320949382821,0.0041198730016664895,1
0.3333333333333333,0.17319293317834816,0.004119873000300133,1
0.3333333333333333,0.17406932941323555,0.004119872998892606,1
0.3333333333333333,0.17495016041544534,0.004119872997442674,1
0.3333333333333333,0.17583544862592418,0.004119872995949061,1
0.3333333333333333,0.17672521659917517,0.004119872994410463,1
0.3333333333333333,0.17761948700383243,0.004119872992825517,1
0.3333333333333333,0.1785182826232385,0.004119872991192848,1
0.3333333333333333,0.179421626356025,0.004119872989511015,1
0.3333333333333333,0.1803295412166959,0.004119872987778542,1
0.3333333333333333,0.1812420503362137,0.004119872985993912,1
0.3333333333333333,0.18215917696258918,0.004119872984155568,1
0.3333333333333333,0.18308094446147324,0.00411987298226189,1
0.3333333333333333,0.18400737631675243,0.004119872980311216,1
0.3333333333333333,0.1849384961311472,0.004119872978301849,1
0.3333333333333333,0.1858743276268132,0.004119872976232022,1
0.3333333333333333,0.18681489464594564,0.004119872974099927,1
0.3333333333333333,0.1877602211513868,0.004119872971903692,1
0.3333333333333333,0.18871033122723654,0.004119872969641399,1
0.3333333333333333,0.1896652490794655,0.004119872967311071,1
0.3333333333333333,0.19062499903653246,0.00411987296491067,1
0.3333333333333333,0.19158960555000373,0.004119872962438094,1
0.3333333333333333,0.1925590931951762,0.004119872959891179,1
0.3333333333333333,0.1935334866717033,0.004119872957267706,1
0.3333333333333333,0.19451281080422464,0.004119872954565378,1
0.3333333333333333,0.19549709054299808,0.004119872951781838,1
0.3333333333333333,0.19648635096453562,0.004119872948914657,1
0.3333333333333333,0.19748061727224206,0.004119872945961327,1
0.3333333333333333,0.1984799147970574,0.00411987294291927,1
0.3333333333333333,0.199484268998102,0.004119872939785839,1
0.3333333333333333,0.20049370546332526,0.004119872936558294,1
0.3333333333333333,0.2015082499101575,0.00411987293323382,1
0.3333333333333333,0.20252792818616516,0.004119872929809521,1
0.3333333333333333,0.2035527662697094,0.004119872926282414,1
0.3333333333333333,0.20458279027060786,0.00411987292264942,1
0.3333333333333333,0.2056180264307997,0.004119872918907383,1
0.3333333333333333,0.20665850112501466,0.004119872915053038,1
0.3333333333333333,0.20770424086144448,0.004119872911083027,1
0.3333333333333333,0.2087552722824186,0.004119872906993898,1
0.3333333333333333,0.20981162216508273,0.004119872902782095,1
0.3333333333333333,0.21087331742208112,0.004119872898443944,1
0.3333333333333333,0.21194038510224228,0.004119872893975688,1
0.3333333333333333,0.21301285239126808,0.004119872889373432,1
0.3333333333333333,0.214090746612426,0.004119872884633173,1
0.3333333333333333,0.2151740952272459,0.0041198728797508,1
0.3333333333333333,0.21626292583621926,0.004119872874722062,1
0.3333333333333333,0.21735726617950232,0.004119872869542604,1
0.3333333333333333,0.218457144137623,0.004119872864207918,1
0.3333333333333333,0.2195625877321911,0.004119872858713378,1
0.3333333333333333,0.2206736251266122,0.004119872853054223,1
0.3333333333333333,0.22179028462680545,0.004119872847225537,1
0.3333333333333333,0.222912594681924,0.00411987284122226,1
0.3333333333333333,0.22404058388508072,0.004119872835039202,1
0.3333333333333333,0.22517428097407605,0.004119872828670988,1
0.3333333333333333,0.22631371483213042,0.004119872822112116,1
0.3333333333333333,0.22745891448861993,0.004119872815356897,1
0.3333333333333333,0.22860990911981613,0.004119872808399485,1
0.3333333333333333,0.22976672804962917,0.004119872801233848,1
0.3333333333333333,0.23092940075035506,0.0041198727938538005,1
0.3333333333333333,0.23209795684342616,0.004119872786252947,1
0.3333333333333333,0.23327242610016638,0.00411987277842472,1
0.3333333333333333,0.23445283844254936,0.004119872770362345,1
0.3333333333333333,0.2356392239439608,0.004119872762058863,1
0.3333333333333333,0.23683161282996468,0.004119872753507099,1
0.3333333333333333,0.2380300354790733,0.00411987274469966,1
0.3333333333333333,0.23923452242352128,0.004119872735628942,1
0.3333333333333333,0.24044510435004351,0.004119872726287124,1
0.3333333333333333,0.24166181210065646,0.004119872716666132,1
0.3333333333333333,0.24288467667344465,0.004119872706757682,1
0.3333333333333333,0.2441137292233501,0.004119872696553218,1
0.3333333333333333,0.24534900106296584,0.004119872686043953,1
0.3333333333333333,0.24659052366333395,0.004119872675220817,1
0.3333333333333333,0.24783832865474728,0.004119872664074502,1
0.3333333333333333,0.24909244782755519,0.004119872652595399,1
0.3333333333333333,0.2503529131329737,0.004119872640773629,1
0.3333333333333333,0.251619756683899,0.004119872628599022,1
0.3333333333333333,0.25289301075572634,0.004119872616061098,1
0.3333333333333333,0.25417270778717177,0.0041198726031490785,1
0.3333333333333333,0.2554588803810987,0.00411987258985186,1
0.3333333333333333,0.25675156130534865,0.0041198725761580155,1
0.3333333333333333,0.25805078349357585,0.004119872562055785,1
0.3333333333333333,0.25935658004608664,0.004119872547533051,1
0.3333333333333333,0.2606689842306823,0.0041198725325773495,1
0.3333333333333333,0.26198802948350713,0.004119872517175846,1
0.3333333333333333,0.2633137494098997,0.004119872501315327,1
0.3333333333333333,0.2646461777852497,0.004119872484982188,1
0.3333333333333333,0.2659853485558578,0.004119872468162433,1
0.3333333333333333,0.26733129583980103,0.004119872450841641,1
0.3333333333333333,0.2686840539278017,0.004119872433004982,1
0.3333333333333333,0.27004365728410107,0.004119872414637177,1
0.3333333333333333,0.2714101405473373,0.004119872395722501,1
0.3333333333333333,0.2727835385314284,0.004119872376244772,1
0.3333333333333333,0.2741638862264583,0.004119872356187325,1
0.3333333333333333,0.27555121879956934,0.0041198723355330156,1
0.3333333333333333,0.2769455715958575,0.00411987231426419,1
0.3333333333333333,0.2783469801392731,0.004119872292362667,1
0.3333333333333333,0.2797554801335259,0.004119872269809748,1
0.3333333333333333,0.28117110746299473,0.004119872246586177,1
0.3333333333333333,0.28259389819364156,0.004119872222672129,1
0.3333333333333333,0.2840238885739306,0.004119872198047213,1
0.3333333333333333,0.28546111503575133,0.004119872172690417,1
0.3333333333333333,0.2869056141953473,0.004119872146580137,1
0.3333333333333333,0.28835742285424876,0.004119872119694118,1
0.3333333333333333,0.28981657800020993,0.00411987209200946,1
0.3333333333333333,0.2912831168081518,0.004119872063502596,1
0.3333333333333333,0.292757076641109,0.004119872034149257,1
0.3333333333333333,0.29423849505118177,0.004119872003924477,1
0.3333333333333333,0.2957274097804928,0.00411987197280255,1
0.3333333333333333,0.297223858762148,0.004119871940757021,1
0.3333333333333333,0.2987278801212043,0.004119871907760661,1
0.3333333333333333,0.30023951217563993,0.00411987187378544,1
0.3333333333333333,0.30175879343733086,0.0041198718388025255,1
0.3333333333333333,0.30328576261303225,0.004119871802782219,1
0.3333333333333333,0.3048204586053641,0.0041198717656939655,1
0.3333333333333333,0.3063629205138029,0.004119871727506315,1
0.3333333333333333,0.3079131876356776,0.00411987168818691,1
0.3333333333333333,0.3094712994671701,0.004119871647702425,1
0.3333333333333333,0.31103729570432287,0.004119871606018589,1
0.3333333333333333,0.31261121624404903,0.004119871563100111,1
0.3333333333333333,0.31419310118514954,0.004119871518910677,1
0.3333333333333333,0.31578299082933436,0.0041198714734129145,1
0.3333333333333333,0.3173809256822497,0.004119871426568363,1
0.3333333333333333,0.31898694645450926,0.0041198713783374315,1
0.3333333333333333,0.32060109406273246,0.004119871328679391,1
0.3333333333333333,0.32222340963058543,0.004119871277552314,1
0.3333333333333333,0.32385393448983024,0.004119871224913052,1
0.3333333333333333,0.325492710181377,0.004119871170717213,1
0.3333333333333333,0.32713977845634234,0.004119871114919099,1
0.3333333333333333,0.3287951812771133,0.0041198710574716834,1
0.3333333333333333,0.33045896081841625,0.004119870998326585,1
0.3333333333333333,0.33213115946839133,0.004119870937434001,1
0.3333333333333333,0.3338118198296728,0.00411987087474269,1
0.3333333333333333,0.33550098472047335,0.004119870810199915,1
0.3333333333333333,0.3371986971756764,0.004119870743751411,1
0.3333333333333333,0.33890500044793165,0.004119870675341338,1
0.3333333333333333,0.34061993800875706,0.0041198706049122335,1
0.3333333333333333,0.34234355354964663,0.004119870532404964,1
0.3333333333333333,0.34407589098318336,0.004119870457758686,1
0.3333333333333333,0.3458169944441581,0.0041198703809107945,1
0.3333333333333333,0.34756690829069403,0.004119870301796854,1
0.3333333333333333,0.34932567710537626,0.00411987022035058,1
0.3333333333333333,0.35109334569638845,0.004119870136503754,1
0.3333333333333333,0.352869959098654,0.00411987005018619,1
0.3333333333333333,0.3546555625749833,0.004119869961325658,1
0.3333333333333333,0.35645020161722707,0.004119869869847856,1
0.3333333333333333,0.3582539219474354,0.004119869775676315,1
0.3333333333333333,0.3600667695190222,0.004119869678732358,1
0.3333333333333333,0.36188879051793665,0.004119869578935041,1
0.3333333333333333,0.36372003136383946,0.004119869476201075,1
0.3333333333333333,0.365560538711285,0.004119869370444761,1
0.3333333333333333,0.36741035945091105,0.004119869261577924,1
0.3333333333333333,0.36926954071063267,0.004119869149509854,1
0.3333333333333333,0.371138129856843,0.004119869034147213,1
0.3333333333333333,0.3730161744956202,0.004119868915393964,1
0.3333333333333333,0.37490372247393994,0.004119868793151316,1
0.3333333333333333,0.37680082188089487,0.004119868667317617,1
0.3333333333333333,0.37870752104891964,0.004119868537788293,1
0.3333333333333333,0.38062386855502156,0.004119868404455748,1
0.3333333333333333,0.38254991322201953,0.004119868267209288,1
0.3333333333333333,0.3844857041197869,0.004119868125935044,1
0.3333333333333333,0.3864312905665019,0.004119867980515853,1
0.3333333333333333,0.38838672212990416,0.004119867830831192,1
0.3333333333333333,0.3903520486285575,0.004119867676757069,1
0.3333333333333333,0.39232732013311916,0.0041198675181659235,1
0.3333333333333333,0.3943125869676158,0.0041198673549265345,1
0.3333333333333333,0.39630789971072444,0.004119867186903909,1
0.3333333333333333,0.3983133091970627,0.004119867013959181,1
0.3333333333333333,0.4003288665184828,0.004119866835949483,1
0.3333333333333333,0.4023546230253736,0.004119866652727873,1
0.3333333333333333,0.4043906303279686,0.004119866464143171,1
0.3333333333333333,0.4064369402976613,0.004119866270039875,1
0.3333333333333333,0.40849360506832616,0.004119866070258023,1
0.3333333333333333,0.4105606770376474,0.0041198658646330695,1
0.3333333333333333,0.4126382088684531,0.004119865652995757,1
0.3333333333333333,0.41472625349005776,0.004119865435171986,1
0.3333333333333333,0.4168248640996105,0.004119865210982666,1
0.3333333333333333,0.4189340941634502,0.004119864980243599,1
0.3333333333333333,0.4210539974184677,0.004119864742765303,1
0.3333333333333333,0.423184627873475,0.004119864498352889,1
0.3333333333333333,0.4253260398105811,0.004119864246805905,1
0.3333333333333333,0.42747828778657526,0.0041198639879181705,1
0.3333333333333333,0.4296414266343161,0.004119863721477617,1
0.3333333333333333,0.43181551146412966,0.0041198634472661266,1
0.3333333333333333,0.4340005976652129,0.00411986316505936,1
0.3333333333333333,0.4361967409070448,0.0041198628746265935,1
0.3333333333333333,0.43840399714080475,0.00411986257573051,1
0.3333333333333333,0.44062242260079815,0.004119862268127044,1
0.3333333333333333,0.44285207380588887,0.004119861951565185,1
0.3333333333333333,0.44509300756093956,0.004119861625786767,1
0.3333333333333333,0.4473452809582578,0.0041198612905262895,1
0.3333333333333333,0.44960895137905227,0.004119860945510704,1
0.3333333333333333,0.4518840764948935,0.004119860590459192,1
0.3333333333333333,0.4541707142691835,0.00411986022508297,1
0.3333333333333333,0.45646892295863245,0.004119859849085048,1
0.3333333333333333,0.458778761114743,0.004119859462160005,1
0.3333333333333333,0.4611002875853018,0.00411985906399376,1
0.3333333333333333,0.46343356151587933,0.004119858654263319,1
0.3333333333333333,0.46577864235133537,0.004119858232636547,1
0.3333333333333333,0.4681355898373354,0.004119857798771885,1
0.3333333333333333,0.47050446402187124,0.004119857352318115,1
0.3333333333333333,0.47288532525679156,0.004119856892914065,1
0.3333333333333333,0.47527823419933934,0.0041198564201883605,1
0.3333333333333333,0.4776832518136972,0.004119855933759119,1
0.3333333333333333,0.48010043937254054,0.004119855433233661,1
0.3333333333333333,0.48252985845859875,0.004119854918208218,1
0.3333333333333333,0.4849715709662242,0.004119854388267629,1
0.3333333333333333,0.4874256391029682,0.004119853842985004,1
0.3333333333333333,0.48989212539116755,0.004119853281921422,1
0.3333333333333333,0.4923710926695361,0.004119852704625581,1
0.3333333333333333,0.49486260409476623,0.004119852110633466,1
0.3333333333333333,0.4973667231431377,0.004119851499467997,1
0.3333333333333333,0.49988351361213484,0.0041198508706386475,1
0.3333333333333333,0.5024130396220721,0.004119850223641112,1
0.3333333333333333,0.5049553656177277,0.0041198495579568934,1
0.3333333333333333,0.5075105563699845,0.004119848873052916,1
0.3333333333333333,0.5100786769774821,0.004119848168381138,1
0.3333333333333333,0.5126597928682736,0.004119847443378121,1
0.3333333333333333,0.5152539698014931,0.004119846697464623,1
0.3333333333333333,0.5178612738690315,0.004119845930045152,1
0.3333333333333333,0.5204817714972196,0.004119845140507532,1
0.3333333333333333,0.523115529448521,0.004119844328222411,1
0.3333333333333333,0.5257626148232328,0.004119843492542848,1
0.3333333333333333,0.5284230950611947,0.004119842632803761,1
0.3333333333333333,0.5310970379435077,0.00411984174832149,1
0.3333333333333333,0.5337845115942613,0.004119840838393251,1
0.3333333333333333,0.5364855844822681,0.004119839902296627,1
0.3333333333333333,0.539200325422809,0.004119838939289031,1
0.3333333333333333,0.541928803579386,0.004119837948607132,1
0.3333333333333333,0.5446710884654842,0.004119836929466332,1
0.3333333333333333,0.5474272499463436,0.0041198358810601455,1
0.3333333333333333,0.5501973582407373,0.004119834802559619,1
0.3333333333333333,0.5529814839227629,0.004119833693112717,1
0.3333333333333333,0.5557796979236385,0.004119832551843689,1
0.3333333333333333,0.5585920715335105,0.0041198313778524325,1
0.3333333333333333,0.5614186764032705,0.0041198301702138175,1
0.3333333333333333,0.5642595845463794,0.004119828927977018,1
0.3333333333333333,0.5671148683407033,0.004119827650164812,1
0.3333333333333333,0.5699846005303574,0.004119826335772857,1
0.3333333333333333,0.5728688542275575,0.004119824983768954,1
0.3333333333333333,0.5757677029144856,0.00411982359309231,1
0.3333333333333333,0.57868122044516,0.004119822162652742,1
0.3333333333333333,0.581609481047317,0.004119820691329898,1
0.3333333333333333,0.5845525593243031,0.0041198191779724174,1
0.3333333333333333,0.5875105302569742,0.004119817621397132,1
0.3333333333333333,0.5904834692056071,0.004119816020388172,1
0.3333333333333333,0.5934714519118195,0.004119814373696101,1
0.3333333333333333,0.5964745545004977,0.004119812680036994,1
0.3333333333333333,0.5994928534817389,0.00411981093809154,1
0.3333333333333333,0.6025264257527984,0.004119809146504059,1
0.3333333333333333,0.6055753486000495,0.004119807303881535,1
0.3333333333333333,0.6086396997009526,0.004119805408792614,1
0.3333333333333333,0.6117195571260337,0.004119803459766585,1
0.3333333333333333,0.6148149993408738,0.004119801455292296,1
0.3333333333333333,0.6179261052081082,0.004119799393817103,1
0.3333333333333333,0.6210529539894343,0.0041197972737457254,1
0.3333333333333333,0.6241956253476331,0.004119795093439149,1
0.3333333333333333,0.6273541993485973,0.004119792851213402,1
0.3333333333333333,0.6305287564633713,0.004119790545338401,1
0.3333333333333333,0.6337193775702018,0.004119788174036709,1
0.3333333333333333,0.6369261439565981,0.004119785735482239,1
0.3333333333333333,0.6401491373214029,0.004119783227799021,1
0.3333333333333333,0.6433884397768745,0.004119780649059812,1
0.3333333333333333,0.6466441338507769,0.004119777997284767,1
0.3333333333333333,0.6499163024884849,0.004119775270440034,1
0.3333333333333333,0.6532050290550955,0.004119772466436333,1
0.3333333333333333,0.6565103973375523,0.0041197695831274575,1
0.3333333333333333,0.6598324915467807,0.004119766618308783,1
0.3333333333333333,0.6631713963198321,0.004119763569715736,1
0.3333333333333333,0.6665271967220415,0.004119760435022178,1
0.3333333333333333,0.6698999782491937,0.004119757211838798,1
0.3333333333333333,0.6732898268297026,0.004119753897711443,1
0.3333333333333333,0.6766968288267986,0.004119750490119408,1
0.3333333333333333,0.6801210710407308,0.0041197469864736845,1
0.3333333333333333,0.6835626407109776,0.004119743384115147,1
0.3333333333333333,0.687021625518469,0.00411973968031274,1
0.3333333333333333,0.690498113587821,0.004119735872261561,1
0.3333333333333333,0.6939921934895803,0.004119731957080937,1
0.3333333333333333,0.6975039542424812,0.004119727931812429,1
0.3333333333333333,0.7010334853157136,0.00411972379341781,1
0.3333333333333333,0.7045808766312011,0.004119719538776972,1
0.3333333333333333,0.7081462185658941,0.004119715164685768,1
0.3333333333333333,0.7117296019540708,0.004119710667853857,1
0.3333333333333333,0.715331118089652,0.004119706044902412,1
0.3333333333333333,0.7189508587285266,0.004119701292361852,1
0.3333333333333333,0.7225889160908896,0.00411969640666946,1
0.3333333333333333,0.7262453828635915,0.00411969138416697,1
0.3333333333333333,0.7299203522025001,0.004119686221098076,1
0.3333333333333333,0.7336139177348721,0.004119680913605908,1
0.3333333333333333,0.7373261735617409,0.0041196754577304045,1
0.3333333333333333,0.7410572142603127,0.004119669849405663,1
0.3333333333333333,0.744807134886376,0.004119664084457181,1
0.3333333333333333,0.7485760309767234,0.004119658158599075,1
0.3333333333333333,0.7523639985515861,0.0041196520674311975,1
0.3333333333333333,0.7561711341170796,0.004119645806436183,1
0.3333333333333333,0.7599975346676632,0.004119639370976453,1
0.3333333333333333,0.763843297688609,0.004119632756291108,1
0.3333333333333333,0.7677085211584888,0.004119625957492764,1
0.3333333333333333,0.7715933035516678,0.00411961896956432,1
0.3333333333333333,0.7754977438408143,0.004119611787355628,1
0.3333333333333333,0.7794219414994213,0.004119604405580083,1
0.3333333333333333,0.7833659965043406,0.004119596818811151,1
0.3333333333333333,0.7873300093383299,0.004119589021478781,1
0.3333333333333333,0.7913140809926131,0.004119581007865763,1
0.3333333333333333,0.7953183129694522,0.004119572772103969,1
0.3333333333333333,0.7993428072847351,0.00411956430817052,1
0.3333333333333333,0.803387666470573,0.004119555609883865,1
0.3333333333333333,0.8074529935779137,0.004119546670899735,1
0.3333333333333333,0.8115388921791662,0.0041195374847070535,1
0.3333333333333333,0.8156454663708401,0.004119528044623673,1
0.3333333333333333,0.8197728207761973,0.004119518343792098,1
0.3333333333333333,0.8239210605479177,0.004119508375175031,1
0.3333333333333333,0.8280902913707773,0.004119498131550853,1
0.3333333333333333,0.8322806194643423,0.00411948760550898,1
0.3333333333333333,0.8364921515856741,0.004119476789445117,1
0.3333333333333333,0.8407249950320497,0.004119465675556398,1
0.3333333333333333,0.8449792576436949,0.004119454255836407,1
0.3333333333333333,0.8492550478065319,0.004119442522070072,1
0.3333333333333333,0.853552474454941,0.0041194304658284785,1
0.3333333333333333,0.8578716470745356,0.004119418078463489,1
0.3333333333333333,0.8622126757049506,0.004119405351102325,1
0.3333333333333333,0.8665756709426482,0.0041193922746419415,1
0.3333333333333333,0.8709607439437336,0.004119378839743319,1
0.3333333333333333,0.8753680064267876,0.004119365036825604,1
0.3333333333333333,0.8797975706757128,0.004119350856060103,1
0.3333333333333333,0.8842495495425946,0.004119336287364179,1
0.3333333333333333,0.8887240564505755,0.004119321320394948,1
0.3333333333333333,0.8932212053967462,0.004119305944542866,1
0.3333333333333333,0.8977411109550473,0.004119290148925163,1
0.3333333333333333,0.9022838882791916,0.004119273922379122,1
0.3333333333333333,0.9068496531055955,0.004119257253455191,1
0.3333333333333333,0.9114385217563289,0.004119240130409978,1
0.3333333333333333,0.9160506111420779,0.004119222541199008,1
0.3333333333333333,0.9206860387651234,0.004119204473469407,1
0.3333333333333333,0.9253449227223357,0.004119185914552361,1
0.3333333333333333,0.9300273817081819,0.004119166851455388,1
0.3333333333333333,0.9347335350177514,0.004119147270854508,1
0.3333333333333333,0.9394635025497924,0.004119127159086164,1
0.3333333333333333,0.9442174048097703,0.004119106502138979,1
0.3333333333333333,0.9489953629129355,0.004119085285645362,1
0.3333333333333333,0.9537974985874093,0.004119063494872859,1
0.3333333333333333,0.9586239341772853,0.004119041114715398,1
0.3333333333333333,0.9634747926457471,0.004119018129684233,1
0.3333333333333333,0.9683501975781996,0.004118994523898784,1
0.3333333333333333,0.9732502731854195,0.004118970281077203,1
0.3333333333333333,0.9781751443067168,0.004118945384526771,1
0.3333333333333333,0.983124936413119,0.00411891981713406,1
0.3333333333333333,0.9880997756105655,0.00411889356135489,1
0.3333333333333333,0.9930997886431205,0.004118866599204056,1
0.3333333333333333,0.9981251028962029,0.004118838912244838,1
0.3333333333333333,1.0031758463998308,0.004118810481578262,1
0.3333333333333333,1.0082521478318844,0.004118781287832157,1
0.3333333333333333,1.0133541365213827,0.00411875131114994,1
0.3333333333333333,1.0184819424517804,0.004118720531179192,1
0.3333333333333333,1.023635696264278,0.004118688927059944,1
0.3333333333333333,1.0288155292611505,0.004118656477412744,1
0.3333333333333333,1.034021573409094,0.004118623160326463,1
0.3333333333333333,1.0392539613425837,0.00411858895334581,1
0.3333333333333333,1.0445128263672585,0.004118553833458617,1
0.3333333333333333,1.0497983024633137,0.004118517777082829,1
0.3333333333333333,1.0551105242889156,0.004118480760053231,1
0.3333333333333333,1.0604496271836317,0.004118442757607865,1
0.3333333333333333,1.0658157471718788,0.004118403744374192,1
0.3333333333333333,1.071209020966389,0.004118363694354959,1
0.3333333333333333,1.076629585971692,0.004118322580913733,1
0.3333333333333333,1.0820775802876166,0.004118280376760183,1
0.3333333333333333,1.0875531427128085,0.004118237053935,1
0.3333333333333333,1.0930564127482663,0.004118192583794562,1
0.3333333333333333,1.0985875306008963,0.004118146936995215,1
0.3333333333333333,1.1041466371870836,0.004118100083477303,1
0.3333333333333333,1.1097338741362832,0.004118051992448787,1
0.3333333333333333,1.1153493837946278,0.004118002632368586,1
0.3333333333333333,1.1209933092285553,0.004117951970929572,1
0.3333333333333333,1.1266657942284495,0.004117899975041176,1
0.3333333333333333,1.1323669833123104,0.004117846610811698,1
0.3333333333333333,1.1380970217294308,0.004117791843530199,1
0.3333333333333333,1.1438560554640989,0.004117735637648094,1
0.3333333333333333,1.149644231239317,0.004117677956760308,1
0.3333333333333333,1.1554616965205395,0.004117618763586089,1
0.3333333333333333,1.1613085995194306,0.004117558019949456,1
0.3333333333333333,1.1671850891976387,0.004117495686759202,1
0.3333333333333333,1.1730913152705937,0.004117431723988564,1
0.3333333333333333,1.1790274282113196,0.00411736609065445,1
0.3333333333333333,1.1849935792542683,0.0041172987447962725,1
0.3333333333333333,1.1909899203991738,0.004117229643454366,1
0.3333333333333333,1.197016604414923,0.004117158742647983,1
0.3333333333333333,1.2030737848434492,0.004117085997352867,1
0.3333333333333333,1.209161616003643,0.004117011361478391,1
0.3333333333333333,1.2152802529952857,0.004116934787844256,1
0.3333333333333333,1.2214298517029958,0.004116856228156736,1
0.3333333333333333,1.227610568800207,0.004116775632984484,1
0.3333333333333333,1.233822561753156,0.004116692951733873,1
0.3333333333333333,1.240065988824895,0.004116608132623863,1
0.3333333333333333,1.2463410090793237,0.0041165211226604145,1
0.3333333333333333,1.2526477823852418,0.0041164318676104004,1
0.3333333333333333,1.2589864694204222,0.004116340311975057,1
0.3333333333333333,1.2653572316757045,0.004116246398962923,1
0.3333333333333333,1.2717602314591088,0.00411615007046229,1
0.3333333333333333,1.2781956318999717,0.0041160512670131485,1
0.3333333333333333,1.2846635969531017,0.004115949927778617,1
0.3333333333333333,1.2911642914029569,0.004115845990515857,1
0.3333333333333333,1.2976978808678419,0.004115739391546459,1
0.3333333333333333,1.304264531804129,0.004115630065726318,1
0.3333333333333333,1.3108644115104982,0.0041155179464149256,1
0.3333333333333333,1.3174976881321985,0.004115402965444168,1
0.3333333333333333,1.3241645306653353,0.004115285053086554,1
0.3333333333333333,1.3308651089611687,0.004115164138022859,1
0.3333333333333333,1.337599593730449,0.004115040147309251,1
0.3333333333333333,1.3443681565477614,0.004114913006343838,1
0.3333333333333333,1.3511709698558987,0.004114782638832588,1
0.3333333333333333,1.3580082069702528,0.004114648966754745,1
0.3333333333333333,1.3648800420832323,0.004114511910327586,1
0.3333333333333333,1.3717866502686997,0.004114371387970653,1
0.3333333333333333,1.3787282074864313,0.004114227316269303,1
0.3333333333333333,1.3857048905866007,0.0041140796099377215,1
0.3333333333333333,1.3927168773142842,0.004113928181781305,1
0.3333333333333333,1.399764346313989,0.004113772942658379,1
0.3333333333333333,1.4068474771342052,0.004113613801441376,1
0.3333333333333333,1.4139664502319793,0.004113450664977314,1
0.3333333333333333,1.4211214469775124,0.004113283438047661,1
0.3333333333333333,1.4283126496587804,0.0041131120233275816,1
0.3333333333333333,1.4355402414861804,0.004112936321344509,1
0.3333333333333333,1.4428044065971914,0.004112756230436076,1
0.3333333333333333,1.4501053300610756,0.0041125716467074105,1
0.3333333333333333,1.4574431978835862,0.004112382463987735,1
0.3333333333333333,1.4648181970117096,0.004112188573786326,1
0.3333333333333333,1.4722305153384256,0.00411198986524782,1
0.3333333333333333,1.4796803417074973,0.004111786225106796,1
0.3333333333333333,1.4871678659182799,0.004111577537641738,1
0.3333333333333333,1.4946932787305578,0.0041113636846282905,1
0.3333333333333333,1.502256771869403,0.0041111445452918175,1
0.3333333333333333,1.509858538030062,0.004110919996259305,1
0.3333333333333333,1.5174987708828627,0.0041106899115105535,1
0.3333333333333333,1.52517766507815,0.004110454162328684,1
0.3333333333333333,1.5328954162512443,0.0041102126172499484,1
0.3333333333333333,1.540652221027426,0.004109965142012842,1
0.3333333333333333,1.548448277026945,0.0041097115995065185,1
0.3333333333333333,1.5562837828700564,0.00410945184971851,1
0.3333333333333333,1.5641589381820753,0.0041091857496817225,1
0.3333333333333333,1.5720739435984719,0.004108913153420767,1
0.3333333333333333,1.5800290007699762,0.004108633911897546,1
0.3333333333333333,1.5880243123677176,0.004108347872956181,1
0.3333333333333333,1.5960600820883883,0.0041080548812671815,1
0.3333333333333333,1.6041365146594326,0.004107754778270965,1
0.3333333333333333,1.6122538158442634,0.0041074474021206495,1
0.3333333333333333,1.6204121924475035,0.004107132587624149,1
0.3333333333333333,1.6286118523202548,0.004106810166185557,1
0.3333333333333333,1.6368530043653942,0.004106479965745878,1
0.3333333333333333,1.6451358585428955,0.004106141810723002,1
0.3333333333333333,1.6534606258751774,0.00410579552195105,1
0.3333333333333333,1.6618275184524822,0.004105440916619,1
0.3333333333333333,1.6702367494382768,0.0041050778082086315,1
0.3333333333333333,1.6786885330746848,0.0041047060064318104,1
0.3333333333333333,1.687183084687946,0.00410432531716708,1
0.3333333333333333,1.695720620693896,0.0041039355423956245,1
0.3333333333333333,1.7043013586034887,0.004103536480136519,1
0.3333333333333333,1.7129255170283333,0.004103127924381377,1
0.3333333333333333,1.7215933156862628,0.004102709665028324,1
0.3333333333333333,1.7303049754069342,0.004102281487815366,1
0.3333333333333333,1.7390607181374529,0.004101843174253099,1
0.3333333333333333,1.7478607669480286,0.004101394501556817,1
0.3333333333333333,1.7567053460376572,0.004100935242578025,1
0.3333333333333333,1.7655946807398333,0.004100465165735349,1
0.3333333333333333,1.7745289975282912,0.0040999840349448535,1
0.3333333333333333,1.7835085240227748,0.004099491609549806,1
0.3333333333333333,1.7925334889948359,0.0040989876442498905,1
0.3333333333333333,1.8016041223736639,0.004098471889029859,1
0.3333333333333333,1.8107206552519421,0.004097944089087685,1
0.3333333333333333,1.8198833198917372,0.0040974039847621714,1
0.3333333333333333,1.8290923497304148,0.004096851311460111,1
0.3333333333333333,1.8383479793865893,0.0040962857995829405,1
0.3333333333333333,1.8476504446660946,0.0040957071744529535,1
0.3333333333333333,1.8569999825680015,0.004095115156239079,1
0.3333333333333333,1.8663968312906491,0.004094509459882225,1
0.3333333333333333,1.8758412302377152,0.004093889795020285,1
0.3333333333333333,1.8853334200243155,0.004093255865912702,1
0.3333333333333333,1.8948736424831338,0.004092607371364736,1
0.3333333333333333,1.9044621406705828,0.004091944004651411,1
0.3333333333333333,1.9140991588729972,0.004091265453441157,1
0.3333333333333333,1.9237849426128568,0.004090571399719165,1
0.3333333333333333,1.9335197386550416,0.004089861519710556,1
0.3333333333333333,1.9433037950131191,0.00408913548380329,1
0.3333333333333333,1.953137360955663,0.004088392956470928,1
0.3333333333333333,1.963020687012603,0.004087633596195241,1
0.3333333333333333,1.9729540249816084,0.004086857055388715,1
0.3333333333333333,1.982937627934503,0.004086062980316954,1
0.3333333333333333,1.9929717502237139,0.004085251011021064,1
0.3333333333333333,2.003056647488745,0.0040844207812400415,1
0.3333333333333333,2.0131925766627,0.004083571918333164,1
0.3333333333333333,2.023379795978823,0.004082704043202487,1
0.3333333333333333,2.0336185649770764,0.004081816770215436,1
0.3333333333333333,2.043909144510756,0.004080909707127559,1
0.3333333333333333,2.0542517967531344,0.0040799824550055005,1
0.3333333333333333,2.064646785204142,0.004079034608150204,1
0.3333333333333333,2.0750943746970805,0.004078065754020417,1
0.3333333333333333,2.0855948314053676,0.004077075473156527,1
0.3333333333333333,2.0961484228493212,0.004076063339104819,1
0.3333333333333333,2.1067554179029737,0.0040750289183421615,1
0.3333333333333333,2.1174160868009215,0.004073971770201167,1
0.3333333333333333,2.1281307011452113,0.004072891446795982,1
0.3333333333333333,2.138899533912258,0.0040717874929485885,1
0.3333333333333333,2.149722859459801,0.004070659446115837,1
0.3333333333333333,2.1606009535338946,0.004069506836317211,1
0.3333333333333333,2.1715340932759264,0.004068329186063343,1
0.3333333333333333,2.1825225572296882,0.0040671260102854035,1
0.3333333333333333,2.193566625348468,0.004065896816265409,1
0.3333333333333333,2.2046665790021795,0.004064641103567519,1
0.3333333333333333,2.215822700984535,0.0040633583639703525,1
0.3333333333333333,2.2270352755202474,0.004062048081400467,1
0.3333333333333333,2.238304588272272,0.004060709731867011,1
0.3333333333333333,2.249630926349086,0.004059342783397633,1
0.3333333333333333,2.2610145783120004,0.004057946695975766,1
0.3333333333333333,2.272455834182513,0.004056520921479276,1
0.3333333333333333,2.283954985449699,0.00405506490362066,1
0.3333333333333333,2.295512325077634,0.004053578077888803,1
0.3333333333333333,2.3071281475128598,0.004052059871492383,1
0.3333333333333333,2.3188027486918865,0.004050509703305043,1
0.3333333333333333,2.33053642604873,0.0040489269838123645,1
0.3333333333333333,2.3423294785224944,0.004047311115060786,1
0.3333333333333333,2.3541822065649773,0.0040456614906085285,1
0.3333333333333333,2.3660949121483386,0.004043977495478592,1
0.3333333333333333,2.3780678987727852,0.004042258506113972,1
0.3333333333333333,2.3901014714743045,0.004040503890335146,1
0.3333333333333333,2.402195936832437,0.0040387130072999655,1
0.3333333333333333,2.4143516029780865,0.004036885207466004,1
0.3333333333333333,2.4265687796013693,0.00403501983255551,1
0.3333333333333333,2.4388477779595066,0.004033116215523018,1
0.3333333333333333,2.4511889108847527,0.004031173680525787,1
0.3333333333333333,2.463592492792364,0.004029191542897101,1
0.3333333333333333,2.4760588396886125,0.004027169109122577,1
0.3333333333333333,2.488588269178834,0.004025105676819601,1
0.3333333333333333,2.5011811004755207,0.004023000534719966,1
0.3333333333333333,2.5138376544064536,0.004020852962655833,1
0.3333333333333333,2.526558253422877,0.004018662231549191,1
0.3333333333333333,2.5393432216077123,0.004016427603404823,1
0.3333333333333333,2.552192884683818,0.004014148331306971,1
0.3333333333333333,2.565107570022278,0.004011823659419806,1
0.3333333333333333,2.5780876066507568,0.004009452822991822,1
0.3333333333333333,2.591133325261873,0.004007035048364233,1
0.3333333333333333,2.6042450582216254,0.004004569552983597,1
0.3333333333333333,2.617423139577862,0.004002055545418637,1
0.3333333333333333,2.63066790506879,0.003999492225381563,1
0.3333333333333333,2.6439796921315293,0.003996878783753888,1
0.3333333333333333,2.6573588399107098,0.0039942144026168915,1
0.3333333333333333,2.6708056892671106,0.003991498255286909,1
0.3333333333333333,2.6843205827863463,0.003988729506355547,1
0.3333333333333333,2.6979038647875937,0.0039859073117349325,1
0.3333333333333333,2.7115558813323632,0.003983030818708152,1
0.3333333333333333,2.7252769802333177,0.003980099165985033,1
0.3333333333333333,2.7390675110631304,0.003977111483763334,1
0.3333333333333333,2.7529278251633955,0.003974066893795571,1
0.3333333333333333,2.766858275653578,0.00397096450946152,1
0.3333333333333333,2.78085921744,0.003967803435846605,1
0.3333333333333333,2.7949310072249025,0.003964582769826258,1
0.3333333333333333,2.8090740035155166,0.003961301600156415,1
0.3333333333333333,2.823288566633204,0.003957959007570265,1
0.3333333333333333,2.837575058722636,0.003954554064881391,1
0.3333333333333333,2.8519338437610187,0.003951085837093475,1
0.3333333333333333,2.8663652875673673,0.003947553381516625,1
0.3333333333333333,2.8808697578118267,0.003943955747890536,1
0.3333333333333333,2.895447624025036,0.003940291978514583,1
0.3333333333333333,2.9100992576075453,0.003936561108384977,1
0.3333333333333333,2.9248250318392777,0.003932762165339128,1
0.3333333333333333,2.939625321889038,0.003928894170207369,1
0.3333333333333333,2.9545005048240727,0.003924956136972108,1
0.3333333333333333,2.9694509596196754,0.0039209470729346186,1
0.3333333333333333,2.9844770671688416,0.003916865978889525,1
0.3333333333333333,2.9995792102919774,0.003912711849307193,1
0.3333333333333333,3.0147577737466382,0.003908483672524063,1
0.3333333333333333,3.0300131442373517,0.003904180430941097,1
0.3333333333333333,3.0453457104254555,0.0038998011012304707,1
0.3333333333333333,3.060755862939005,0.0038953446545506184,1
0.3333333333333333,3.0762439943827227,0.0038908100567697406,1
0.3333333333333333,3.091810499348002,0.003886196268697894,1
0.3333333333333333,3.1074557744229585,0.0038815022463277995,1
0.3333333333333333,3.123180218202538,0.0038767269410844352,1
0.3333333333333333,3.138984231298666,0.0038718693000835856,1
0.3333333333333333,3.1548682163504593,0.0038669282663993587,1
0.3333333333333333,3.1708325780344793,0.0038619027793408874,1
0.3333333333333333,3.1868777230750456,0.003856791774738207,1
0.3333333333333333,3.2030040602545964,0.003851594185237469,1
0.3333333333333333,3.2192120004241036,0.0038463089406055705,1
0.3333333333333333,3.23550195651354,0.0038409349680442184,1
0.3333333333333333,3.2518743435424025,0.0038354711925136457,1
0.3333333333333333,3.2683295786302726,0.0038299165370659213,1
0.3333333333333333,3.284868081007463,0.003824269923187982,1
0.3333333333333333,3.3014902720256853,0.003818530271154461,1
0.3333333333333333,3.318196575168788,0.0038126965003903645,1
0.3333333333333333,3.3349874160635467,0.0038067675298436516,1
0.3333333333333333,3.351863222490505,0.0038007422783677383,1
0.3333333333333333,3.3688244243948757,0.0037946196651140315,1
0.3333333333333333,3.3858714538974946,0.003788398609934467,1
0.3333333333333333,3.403004745305827,0.003782078033794128,1
0.3333333333333333,3.420224735125035,0.0037756568591939318,1
0.3333333333333333,3.437531862069098,0.0037691340106034326,1
0.3333333333333333,3.4549265670719893,0.0037625084149037215,1
0.3333333333333333,3.4724092932989095,0.003755779001840457,1
0.3333333333333333,3.4899804861575774,0.003748944704486982,1
0.3333333333333333,3.5076405933095782,0.00374200445971755,1
0.3333333333333333,3.525390064681768,0.0037349572086906226,1
0.3333333333333333,3.5432293524777405,0.003727801897342173,1
0.3333333333333333,3.5611589111893323,0.003720537476889055,1
0.3333333333333333,3.5791791976082252,0.0037131629043422524,1
0.3333333333333333,3.5972906708375687,0.003705677143030054,1
0.3333333333333333,3.6154937923036803,0.003698079163131075,1
0.3333333333333333,3.6337890257678005,0.003690367942216974,1
0.3333333333333333,3.65217683733791,0.003682542465804896,1
0.3333333333333333,3.6706576954806027,0.0036746017279193914,1
0.3333333333333333,3.6892320710330213,0.003666544731663887,1
0.3333333333333333,3.7079004372148545,0.00365837048980141,1
0.3333333333333333,3.7266632696403907,0.0036500780253445717,1
0.3333333333333333,3.7455210463306368,0.003641666372154579,1
0.3333333333333333,3.764474247725496,0.003633134575549191,1
0.3333333333333333,3.7835233566960094,0.0036244816929193674,1
0.3333333333333333,3.8026688585566557,0.0036157067943545745,1
0.3333333333333333,3.8219112410777183,0.003606808963276365,1
0.3333333333333333,3.8412509944977136,0.0035977872970802418,1
0.3333333333333333,3.8606886115358674,0.0035886409077854203,1
0.3333333333333333,3.880224587404689,0.003579368922692364,1
0.3333333333333333,3.8998594198225747,0.003569970485047804,1
0.3333333333333333,3.9195936090264905,0.0035604447547170535,1
0.3333333333333333,3.9394276577847163,0.003550790908863248,1
0.3333333333333333,3.959362071409656,0.003541008142633358,1
0.3333333333333333,3.979397357770712,0.003531095669850564,1
0.3333333333333333,3.999534027307221,0.0035210527237128,1
0.3333333333333333,4.019772593041462,0.00351087855749703,1
0.3333333333333333,4.040113570591726,0.0035005724452690534,1
0.3333333333333333,4.060557478185449,0.0034901336825983666,1
0.3333333333333333,4.08110483667242,0.003479561587277813,1
0.3333333333333333,4.101756169538048,0.003468855500047624,1
0.3333333333333333,4.122512002916697,0.003458014785323409,1
0.3333333333333333,4.143372865605094,0.0034470388319277766,1
0.3333333333333333,4.164339289075804,0.0034359270538251037,1
0.3333333333333333,4.185411807490753,0.003424678890859074,1
0.3333333333333333,4.206590957714861,0.0034132938094924604,1
0.3333333333333333,4.2278772793297055,0.003401771303548813,1
0.3333333333333333,4.249271314647271,0.003390110894955452,1
0.3333333333333333,4.270773608723768,0.0033783121344873775,1
0.3333333333333333,4.292384709373514,0.0033663746025115217,1
0.3333333333333333,4.314105167182895,0.00335429790973088,1
0.3333333333333333,4.335935535524389,0.003342081697927976,1
0.3333333333333333,4.357876370570673,0.0033297256407070932,1
0.3333333333333333,4.379928231308778,0.0033172294442347554,1
0.3333333333333333,4.402091679554343,0.003304592847977861,1
0.3333333333333333,4.424367279965924,0.0032918156254389008,1
0.3333333333333333,4.446755600059379,0.0032788975848876555,1
0.3333333333333333,4.469257210222326,0.003265838570088767,1
0.3333333333333333,4.491872683728676,0.0032526384610245727,1
0.3333333333333333,4.514602596753247,0.00323929717461255,1
0.3333333333333333,4.537447528386417,0.0032258146654167616,1
0.3333333333333333,4.560408060648908,0.003212190926352587,1
0.3333333333333333,4.583484778506599,0.00319842598938414,1
0.3333333333333333,4.606678269885433,0.003184519926213666,1
0.3333333333333333,4.629989125686389,0.0031704728489622023,1
0.3333333333333333,4.653417939800546,0.0031562849108408655,1
0.3333333333333333,4.676965309124206,0.003141956306811986,1
0.3333333333333333,4.700631833574107,0.0031274872742394627,1
0.3333333333333333,4.724418116102702,0.0031128780935275216,1
0.3333333333333333,4.748324762713522,0.0030981290887472025,1
0.3333333333333333,4.772352382476619,0.003083240628249831,1
0.3333333333333333,4.796501587544076,0.003068213125266716,1
0.3333333333333333,4.820772993165611,0.003053047038494302,1
0.3333333333333333,4.845167217704244,0.0030377428726640777,1
0.3333333333333333,4.869684882652058,0.0030223011790964207,1
0.3333333333333333,4.894326612646027,0.0030067225562376374,1
0.3333333333333333,4.919093035483938,0.0029910076501794194,1
0.3333333333333333,4.943984782140364,0.0029751571551599847,1
0.3333333333333333,4.969002486782773,0.0029591718140460216,1
0.3333333333333333,4.994146786787659,0.0029430524187948268,1
0.3333333333333333,5.019418322756788,0.0029267998108956856,1
0.3333333333333333,5.044817738533522,0.002910414881789872,1
0.3333333333333333,5.070345681219215,0.002893898573268375,1
0.3333333333333333,5.096002801189705,0.0028772518778466603,1
0.3333333333333333,5.1217897521118845,0.002860475839115679,1
0.3333333333333333,5.147707190960347,0.002843571552068323,1
0.3333333333333333,5.173755778034131,0.002826540163400638,1
0.3333333333333333,5.1999361769735435,0.0028093828717869764,1
0.3333333333333333,5.226249054777059,0.0027921009281283845,1
0.3333333333333333,5.252695081818323,0.002774695635773478,1
0.3333333333333333,5.279274931863224,0.0027571683507110843,1
0.3333333333333333,5.305989282087063,0.0027395204817339067,1
0.3333333333333333,5.332838813091809,0.0027217534905725465,1
0.3333333333333333,5.359824208923417,0.002703868891999179,1
0.3333333333333333,5.386946157089291,0.0026858682539001562,1
0.3333333333333333,5.4142053485757735,0.002667753197316942,1
0.3333333333333333,5.441602477865758,0.0026495253964547052,1
0.3333333333333333,5.469138242956384,0.0026311865786578905,1
0.3333333333333333,5.4968133453768155,0.002612738524352245,1
0.3333333333333333,5.524628490206116,0.00259418306695262,1
0.3333333333333333,5.552584386091211,0.002575522092736009,1
0.3333333333333333,5.580681745264947,0.0025567575406792924,1
0.3333333333333333,5.608921283564229,0.002537891402261096,1
0.3333333333333333,5.637303720448265,0.00251892572122732,1
0.3333333333333333,5.66582977901689,0.002499862593319825,1
0.3333333333333333,5.694500186028993,0.0024807041659678022,1
0.3333333333333333,5.723315671921031,0.002461452637941453,1
0.3333333333333333,5.752276970825637,0.0024421102589675054,1
0.3333333333333333,5.781384820590331,0.0024226793293062676,1
0.3333333333333333,5.810639962796294,0.0024031621992898346,1
0.3333333333333333,5.840043142777298,0.002383561268821117,1
0.3333333333333333,5.869595109638668,0.002363878986833512,1
0.3333333333333333,5.899296616276375,0.0023441178507108435,1
0.3333333333333333,5.9291484193962205,0.002324280405667482,1
0.3333333333333333,5.959151279533109,0.002304369244088377,1
0.3333333333333333,5.989305961070428,0.002284387004828959,1
0.3333333333333333,6.019613232259521,0.002264336372474721,1
0.3333333333333333,6.050073865239263,0.002244220076560493,1
0.3333333333333333,6.080688636055727,0.0022240408907493654,1
0.3333333333333333,6.11145832468196,0.002203801631971274,1
0.3333333333333333,6.142383715037853,0.002183505159521326,1
0.3333333333333333,6.173465595010112,0.0021631543741179766,1
0.3333333333333333,6.2047047564723306,0.0021427522169211715,1
0.3333333333333333,6.236101995305168,0.0021223016685107178,1
0.3333333333333333,6.267658111416628,0.0021018057478250332,1
0.3333333333333333,6.299373908762415,0.0020812675110606395,1
0.3333333333333333,6.331250195366454,0.0020606900505326614,1
0.3333333333333333,6.363287783341452,0.0020400764934967604,1
0.3333333333333333,6.395487488909592,0.0020194300009328866,1
0.3333333333333333,6.427850132423332,0.001998753766291339,1
0.3333333333333333,6.4603765383863,0.0019780510142016483,1
0.3333333333333333,6.493067535474307,0.001957324999144832,1
0.3333333333333333,6.525923956556449,0.0019365790040896792,1
0.3333333333333333,6.558946638716338,0.00191581633909363,1
0.3333333333333333,6.59213642327342,0.0018950403398691092,1
0.3333333333333333,6.625494155804409,0.0018742543663159172,1
0.3333333333333333,6.659020686164837,0.0018534618010205934,1
0.3333333333333333,6.692716868510698,0.0018326660477235546,1
0.3333333333333333,6.726583561320213,0.00181187052975494,1
0.3333333333333333,6.760621627415704,0.0017910786884400912,1
0.3333333333333333,6.794831933985568,0.0017702939814756803,1
0.3333333333333333,6.829215352606388,0.0017495198812775396,1
0.3333333333333333,6.8637727592651006,0.0017287598733012925,1
0.3333333333333333,6.898505034381362,0.001708017454336858,1
0.3333333333333333,6.933413062829946,0.001687296130778141,1
0.3333333333333333,6.968497733963299,0.00166659941686902,1
0.3333333333333333,7.003759941634197,0.0016459308329269701,1
0.3333333333333333,7.039200584218514,0.001625293903545645,1
0.3333333333333333,7.074820564638117,0.0016046921557777414,1
0.3333333333333333,7.110620790383862,0.0015841291172995656,1
0.3333333333333333,7.1466021735387235,0.0015636083145587688,1
0.3333333333333333,7.182765630801023,0.0015431332709067147,1
0.3333333333333333,7.219112083507786,0.001522707504716971,1
0.3333333333333333,7.2556424576582215,0.001502334527491548,1
0.3333333333333333,7.292357683937302,0.001482017841956417,1
0.3333333333333333,7.329258697739485,0.0014617609401479622,1
0.3333333333333333,7.366346439192538,0.0014415673014920162,1
0.3333333333333333,7.403621853181502,0.001421440390877171,1
0.3333333333333333,7.4410858893727285,0.0014013836567240913,1
0.3333333333333333,7.478739502238125,0.0013814005290525213,1
0.3333333333333333,7.516583651079438,0.0013614944175478405,1
0.3333333333333333,7.554619300052705,0.001341668709628875,1
0.3333333333333333,7.592847418192814,0.0013219267685188295,1
0.3333333333333333,7.631268979438192,0.0013022719313211454,1
0.3333333333333333,7.6698849626556225,0.0012827075071021332,1
0.3333333333333333,7.708696351665178,0.0012632367749822527,1
0.3333333333333333,7.747704135265289,0.0012438629822378944,1
0.3333333333333333,7.786909307257935,0.001224589342415563,1
0.3333333333333333,7.8263128664739625,0.0012054190334603314,1
0.3333333333333333,7.865915816798531,0.0011863551958604798,1
0.3333333333333333,7.905719167196694,0.0011674009308101957,1
0.3333333333333333,7.945723931739099,0.0011485592983922453,1
0.3333333333333333,7.985931129627826,0.0011298333157824948,1
0.3333333333333333,8.0,0.0011233309256548768,1
0.3333333333333333,8.026341785222359,0.001111225955478173,0
0.3333333333333333,8.066956928065656,0.001092740143551774,0
0.3333333333333333,8.107777592910423,0.0010743787579324004,0
0.3333333333333333,8.148804819745447,0.0010561446267164881,0
0.3333333333333333,8.190039653822094,0.0010380405265096805,0
0.3333333333333333,8.231483145680949,0.0010200691808016935,0
0.3333333333333333,8.273136351178572,0.0010022332583759714,0
0.3333333333333333,8.315000331514401,0.000984535371755884,0
0.3333333333333333,8.35707615325779,0.0009669780756892139,0
0.3333333333333333,8.399364888375175,0.0009495638656726588,0
0.3333333333333333,8.441867614257397,0.0009322951765180034,0
0.3333333333333333,8.48458541374714,0.0009151743809616035,0
0.3333333333333333,8.52751937516652,0.000898203788318816,0
0.3333333333333333,8.570670592344817,0.0008813856431848847,0
0.3333333333333333,8.61404016464634,0.0008647221241838382,0
0.3333333333333333,8.657629196998432,0.0008482153427668683,0
0.3333333333333333,8.701438799919636,0.0008318673420615594,0
0.3333333333333333,8.745470089547949,0.0008156800957734344,0
0.3333333333333333,8.789724187669304,0.0007996555071410089,0
0.3333333333333333,8.83420222174613,0.0007837954079457102,0
0.3333333333333333,8.878905324946071,0.000768101557577824,0
0.3333333333333333,8.923834636170861,0.0007525756421595892,0
0.3333333333333333,8.968991300085342,0.0007372192737265321,0
0.3333333333333333,9.014376467146624,0.000722033989468051,0
0.3333333333333333,9.059991293633392,0.0007070212510281769,0
0.3333333333333333,9.105836941675372,0.0006921824438673858,0
0.3333333333333333,9.151914579282936,0.0006775188766862658,0
0.3333333333333333,9.198225380376853,0.0006630317809117557,0
0.3333333333333333,9.244770524818207,0.0006487223102466068,0
0.3333333333333333,9.291551198438448,0.0006345915402826479,0
0.3333333333333333,9.338568593069612,0.0006206404681783378,0
0.3333333333333333,9.385823906574672,0.0006068700124010348,0
0.3333333333333333,9.433318342878072,0.0005932810125343006,0
0.3333333333333333,9.481053111996399,0.0005798742291505187,0
0.3333333333333333,9.529029430069173,0.0005666503437489848,0
0.3333333333333333,9.577248519389888,0.0005536099587595413,0
0.3333333333333333,9.625711608437124,0.0005407535976118047,0
0.3333333333333333,9.674419931905836,0.0005280817048698696,0
0.3333333333333333,9.72337473073883,0.000515594646432348,0
0.3333333333333333,9.772577252158358,0.0005032927097974868,0
0.3333333333333333,9.822028749697916,0.0004911761043930305,0
0.3333333333333333,9.87173048323416,0.0004792449619704308,0
0.3333333333333333,9.92168371901902,0.0004674993370628681,0
0.3333333333333333,9.971889729711949,0.0004559392075065457,0
0.3333333333333333,10.022349794412351,0.0004445644750245418,0
0.3333333333333333,10.073065198692168,0.0004333749658725168,0
0.3333333333333333,10.124037234628636,0.0004223704315453892,0
0.3333333333333333,10.175267200837197,0.0004115505495441322,0
0.3333333333333333,10.226756402504588,0.00040091492420163486,0
0.3333333333333333,10.278506151422102,0.0003904630875666068,0
0.3333333333333333,10.33051776601897,0.0003801945003443562,0
0.3333333333333333,10.382792571396006,0.00037010855289321116,0
0.3333333333333333,10.435331899359337,0.00036020456627532566,0
0.3333333333333333,10.488137088454327,0.0003504817933604543,0
0.3333333333333333,10.541209483999697,0.0003409394199813031,0
0.3333333333333333,10.594550438121788,0.00033157656613892864,0
0.3333333333333333,10.648161309789012,0.00032239228725662475,0
0.3333333333333333,10.702043464846476,0.00031338557548066405,0
0.3333333333333333,10.756198276050778,0.00030455536102621486,0
0.3333333333333333,10.81062712310498,0.0002959005135666707,0
0.3333333333333333,10.865331392693765,0.00028741984366459914,0
0.3333333333333333,10.920312478518756,0.0002791121042424641,0
0.3333333333333333,10.975571781334029,0.0002709759920912047,0
0.3333333333333333,11.0311107089818,0.0002630101494147388,0
0.3333333333333333,11.08693067642829,0.0002552131654083908,0
0.3333333333333333,11.143033105799791,0.0002475835778692305,0
0.3333333333333333,11.199419426418844,0.0002401198748362525,0
0.3333333333333333,11.256091074840727,0.00023282049625828865,0
0.3333333333333333,11.313049494890011,0.0002256838356875633,0
0.3333333333333333,11.370296137697352,0.00021870824199671118,0
0.3333333333333333,11.427832461736458,0.00021189202111711203,0
0.3333333333333333,11.485659932861253,0.00020523343779633361,0
0.3333333333333333,11.543780024343226,0.0001987307173725104,0
0.3333333333333333,11.60219421690895,0.00019238204756341848,0
0.3333333333333333,11.660903998777824,0.00018618558026805025,0
0.3333333333333333,11.719910865699978,0.00018013943337846314,0
0.3333333333333333,11.779216320994381,0.00017424169259967604,0
0.3333333333333333,11.838821875587149,0.00016849041327541262,0
0.3333333333333333,11.898729048050027,0.00016288362221747433,0
0.3333333333333333,11.958939364639088,0.00015741931953656095,0
0.3333333333333333,12.01945435933361,0.00015209548047234603,0
0.3333333333333333,12.080275573875173,0.00014691005722066455,0
0.3333333333333333,12.14140455780689,0.00014186098075567294,0
0.3333333333333333,12.202842868512958,0.00013694616264485894,0
0.3333333333333333,12.264592071258283,0.00013216349685485113,0
0.3333333333333333,12.326653739228373,0.0001275108615459526,0
0.3333333333333333,12.389029453569417,0.00012298612085341257,0
0.3333333333333333,12.451720803428573,0.00011858712665345146,0
0.3333333333333333,12.514729385994448,0.00011431172031212707,0
0.3333333333333333,12.57805680653779,0.00011015773441515048,0
0.3333333333333333,12.64170467845239,0.00010612299447682532,0
0.3333333333333333,12.705674623296185,0.00010220532062633497,0
0.3333333333333333,12.769968270832567,9.840252926964352e-05,0
0.3333333333333333,12.834587259071911,9.471243472535135e-05,0
0.3333333333333333,12.8995332343133,9.113285083288952e-05,0
0.3333333333333333,12.964807851186468,8.766159253151075e-05,0
0.3333333333333333,13.030412772693962,8.429647740858773e-05,0
0.3333333333333333,13.096349670253506,8.103532721580747e-05,0
0.3333333333333333,13.162620223740593,7.787596935190285e-05,0
0.3333333333333333,13.229226121531237,7.481623831065029e-05,0
0.3333333333333333,13.296169060545063,7.185397709290984e-05,0
0.3333333333333333,13.36345074628849,6.898703858158066e-05,0
0.3333333333333333,13.431072892898191,6.621328687840119e-05,0
0.3333333333333333,13.499037223184766,6.353059860160043e-05,0
0.3333333333333333,13.567345468676638,6.093686414349101e-05,0
0.3333333333333333,13.63599936966416,5.842998888715667e-05,0
0.3333333333333333,13.705000675243957,5.6007894381474684e-05,0
0.3333333333333333,13.774351143363488,5.366851947378617e-05,0
0.3333333333333333,13.844052540865828,5.1409821399600466e-05,0
0.3333333333333333,13.914106643534694,4.922977682880591e-05,0
0.3333333333333333,13.984515236139673,4.712638286792548e-05,0
0.3333333333333333,14.055280112481697,4.509765801804269e-05,0
0.3333333333333333,14.126403075438747,4.314164308808881e-05,0
0.3333333333333333,14.197885937011785,4.125640206326899e-05,0
0.3333333333333333,14.269730518370928,3.9440022928470464e-05,0
0.3333333333333333,14.34193864990179,3.7690618446574923e-05,0
0.3333333333333333,14.414512171252204,3.600632689166748e-05,0
0.3333333333333333,14.487452931379034,3.4385312737208435e-05,0
0.3333333333333333,14.560762788595287,3.2825767299304855e-05,0
0.3333333333333333,14.634443610617469,3.1325909335280864e-05,0
0.3333333333333333,14.708497274613157,2.988398559782431e-05,0
0.3333333333333333,14.782925667248833,2.8498271345041468e-05,0
0.3333333333333333,14.857730684737945,2.716707080682383e-05,0
0.3333333333333333,14.932914232889223,2.588871760798706e-05,0
0.3333333333333333,15.008478227155223,2.4661575148703955e-05,0
0.3333333333333333,15.084424592681138,2.348403694281176e-05,0
0.3333333333333333,15.160755264353838,2.2354526914626307e-05,0
0.3333333333333333,15.237472186851171,2.127149965495208e-05,0
0.3333333333333333,15.314577314691498,2.0233440637024e-05,0
0.3333333333333333,15.392072612283497,1.9238866393168303e-05,0
0.3333333333333333,15.469960053976227,1.8286324653011618e-05,0
0.3333333333333333,15.548241624109355,1.7374394444114575e-05,0
0.3333333333333333,15.626919317063818,1.6501686155940873e-05,0
0.3333333333333333,15.705995137312563,1.5666841568116036e-05,0
0.3333333333333333,15.78547109947163,1.4868533843961413e-05,0
0.3333333333333333,15.865349228351489,1.4105467490320797e-05,0
0.3333333333333333,15.94563155900861,1.3376378284728813e-05,0
0.3333333333333333,16.026320136797324,1.2680033170994245e-05,0
0.3333333333333333,16.107417017421927,1.201523012429684e-05,0
0.3333333333333333,16.188924266989048,1.1380797986916313e-05,0
0.3333333333333333,16.270843962060304,1.0775596275730591e-05,0
0.3333333333333333,16.35317818970518,1.0198514962636504e-05,0
0.3333333333333333,16.43592904755422,9.648474229057548e-06,0
0.3333333333333333,16.51909864385247,9.124424195715557e-06,0
0.3333333333333333,16.602689097513174,8.625344628847849e-06,0
0.3333333333333333,16.686702538171765,8.150244624059615e-06,0
0.3333333333333333,16.771141106240144,7.698162268999932e-06,0
0.3333333333333333,16.856006952961145,7.268164286053911e-06,0
0.3333333333333333,16.94130224046343,6.859345656236272e-06,0
0.3333333333333333,17.027029141816513,6.470829225471181e-06,0
0.3333333333333333,17.113189841086147,6.101765294432923e-06,0
0.3333333333333333,17.199786533389965,5.751331193113816e-06,0
0.3333333333333333,17.286821424953395,5.418730841274633e-06,0
0.3333333333333333,17.374296733165878,5.103194295917994e-06,0
0.3333333333333333,17.462214686637356,4.80397728691134e-06,0
0.3333333333333333,17.550577525255054,4.520360741867246e-06,0
0.3333333333333333,17.639387500240545,4.251650301370903e-06,0
0.3333333333333333,17.7286468742071,3.997175825623046e-06,0
0.3333333333333333,17.818357921217334,3.756290893544711e-06,0
0.3333333333333333,17.90852292684115,3.5283722953662256e-06,0
0.3333333333333333,17.999144188213958,3.312819519697813e-06,0
0.3333333333333333,18.090224014095202,3.109054236052372e-06,0
0.3333333333333333,18.181764724927188,2.916519773764078e-06,0
0.3333333333333333,18.27376865289421,2.734680598217146e-06,0
0.3333333333333333,18.366238141981896,2.5630217852699956e-06,0
0.3333333333333333,18.45917554803704,2.4010484947289577e-06,0
0.3333333333333333,18.552583238827555,2.2482854436955677e-06,0
0.3333333333333333,18.64646359410279,2.1042763805784174e-06,0
0.3333333333333333,18.740819005654185,1.9685835605290442e-06,0
0.3333333333333333,18.8356518773762,1.8407872230279982e-06,0
0.3333333333333333,18.930964625327544,1.7204850723145132e-06,0
0.3333333333333333,19.026759677792754,1.6072917613192403e-06,0
0.3333333333333333,19.12303947534404,1.5008383797264185e-06,0
0.3333333333333333,19.219806470903475,1.4007719467578945e-06,0
0.3333333333333333,19.31706312980548,1.3067549092378506e-06,0
0.3333333333333333,19.41481192985964,1.2184646454636784e-06,0
0.3333333333333333,19.513055361413823,1.135592975374847e-06,0
0.3333333333333333,19.611795927417646,1.0578456774788043e-06,0
0.3333333333333333,19.711036143486215,9.849420129599459e-07,0
0.3333333333333333,19.81077853796426,9.166142573655662e-07,0
0.3333333333333333,19.911025651990446,8.52607240230695e-07,0
0.3333333333333333,20.01178003956226,7.926778929723112e-07,0
0.3333333333333333,20.113044267600984,7.365948053530526e-07,0
0.3333333333333333,20.2148209160171,6.841377907840253e-07,0
0.3333333333333333,20.31711257777605,6.350974607071973e-07,0
0.3333333333333333,20.419921858964276,5.892748082692066e-07,0
0.3333333333333333,20.523251378855612,5.464808014705328e-07,0
0.3333333333333333,20.62710376997803,5.065359859470172e-07,0
0.3333333333333333,20.7314816781807,4.692700975146315e-07,0
0.3333333333333333,20.836387762701392,4.345216845831132e-07,0
0.3333333333333333,20.941824696234242,4.021377405198403e-07,0
0.3333333333333333,21.047795164997837,3.719733460219911e-07,0
0.3333333333333333,21.154301868803646,3.4389132153263477e-07,0
0.3333333333333333,21.2613475211248,3.1776188971505773e-07,0
0.3333333333333333,21.36893484916525,2.934623479792305e-07,0
0.3333333333333333,21.47706659392923,2.708767510350014e-07,0
0.3333333333333333,21.585745510291034,2.4989560342820593e-07,0
0.3333333333333333,21.69497436706532,2.304155619985356e-07,0
0.3333333333333333,21.804755947077567,2.1233914818180468e-07,0
0.3333333333333333,21.91509304723499,1.9557447006378278e-07,0
0.3333333333333333,22.025988478597803,1.8003495407860387e-07,0
0.3333333333333333,22.13744506645083,1.6563908623133892e-07,0
0.3333333333333333,22.249465650375495,1.5231016271208823e-07,0
0.3333333333333333,22.362053084322156,1.3997604975750662e-07,0
0.3333333333333333,22.475210236682816,1.2856895260530542e-07,0
0.3333333333333333,22.588939990364207,1.1802519337777385e-07,0
0.3333333333333333,22.70324524286124,1.0828499772177621e-07,0
0.3333333333333333,22.818128906330806,9.929229002500018e-08,0
0.3333333333333333,22.933593907665998,9.09944970213722e-08,0
0.3333333333333333,23.04964318857065,8.334235959257788e-08,0
0.3333333333333333,23.166279705634306,7.62897525673889e-08,0
0.3333333333333333,23.283506430407535,6.97935123161124e-08,0
0.3333333333333333,23.401326349477653,6.381327193375735e-08,0
0.3333333333333333,23.519742464544738,5.831130380258739e-08,0
0.3333333333333333,23.63875779249823,5.325236932240634e-08,0
0.3333333333333333,23.7583753654937,4.860357559533564e-08,0
0.3333333333333333,23.878598231030125,4.433423885079965e-08,0
0.3333333333333333,23.99942945202754,4.0415754396021503e-08,0
0.3333333333333333,24.120872106905058,3.682147287747181e-08,0
0.3333333333333333,24.242929289659294,3.3526582639349236e-08,0
0.3333333333333333,24.365604109943213,3.050799796632229e-08,0
0.3333333333333333,24.488899693145335,2.7744252999359228e-08,0
0.3333333333333333,24.612819180469376,2.521540111548775e-08,0
0.3333333333333333,24.737365729014257,2.290291956474992e-08,0
0.3333333333333333,24.862542511854556,2.0789619160389256e-08,0
0.3333333333333333,24.98835271812134,1.885955882141844e-08,0
0.3333333333333333,25.11479955308341,1.7097964770125986e-08,0
0.3333333333333333,25.24188623822898,1.5491154190765222e-08,0
0.3333333333333333,25.369616011347745,1.4026463159598085e-08,0
0.3333333333333333,25.497992126613305,1.2692178660613561e-08,0
0.3333333333333333,25.627017854666196,1.1477474505576522e-08,0
0.3333333333333333,25.75669648269713,1.0372350981574209e-08,0
0.3333333333333333,25.887031314530763,9.36757805386866e-09,0
0.3333333333333333,26.018025670709857,8.454641956632324e-09,0
0.3333333333333333,26.1496828885799,7.625695009007575e-09,0
0.3333333333333333,26.282006322374112,6.873508498868448e-09,0
0.3333333333333333,26.414999343298913,6.1914284816594346e-09,0
0.3333333333333333,26.548665339619795,5.573334346715691e-09,0
0.3333333333333333,26.683007716747667,5.013600008522704e-09,0
0.3333333333333333,26.8180298973256,4.5070575854261525e-09,0
0.3333333333333333,26.95373532131603,4.048963433344621e-09,0
0.3333333333333333,27.090127446088392,3.6349664070526478e-09,0
0.3333333333333333,27.227209746507217,3.2610782265750775e-09,0
0.3333333333333333,27.364985715020644,2.9236458311565736e-09,0
0.3333333333333333,27.50345886174944,2.6193256081266617e-09,0
0.3333333333333333,27.64263271457631,2.34505938876639e-09,0
0.3333333333333333,27.782510819235945,2.0980521079817892e-09,0
0.3333333333333333,27.923096739405235,1.8757510292009027e-09,0
0.3333333333333333,28.06439405679411,1.6758264404203542e-09,0
0.3333333333333333,28.20640637123677,1.4961537317339115e-09,0
0.3333333333333333,28.34913730078342,1.334796768970246e-09,0
0.3333333333333333,28.492590481792412,1.1899924822463308e-09,0
0.3333333333333333,28.636769569022935,1.0601365923026145e-09,0
0.3333333333333333,28.78167823572809,9.437704014228053e-10,0
0.3333333333333333,28.92732017374849,8.395685795523384e-10,0
0.3333333333333333,29.07369909360632,7.463278799132728e-10,0
0.3333333333333333,29.220818724599848,6.629567219681076e-10,0
0.3333333333333333,29.36868281489847,5.884655830102976e-10,0
0.3333333333333333,29.517295131638175,5.219581429543456e-10,0
0.3333333333333333,29.66665946101753,4.626231300641114e-10,0
0.3333333333333333,29.816779608394178,4.097268183944061e-10,0
0.3333333333333333,29.967659398381652,3.626061306298338e-10,0
0.3333333333333333,30.119302674947008,3.20662302786882e-10,0
0.3333333333333333,30.27171330150863,2.8335506990333004e-10,0
0.3333333333333333,30.424895161034694,2.5019733437396205e-10,0
0.3333333333333333,30.57885215614209,2.2075028100690371e-10,0
0.3333333333333333,30.73358820919585,1.9461890517263293e-10,0
0.3333333333333333,30.88910726240908,1.7144792260082516e-10,0
0.3333333333333333,31.045413277943393,1.5091803145185497e-10,0
0.3333333333333333,31.202510238009857,1.3274249925295832e-10,0
0.3333333333333333,31.360402144970443,1.1666404914730305e-10,0
0.3333333333333333,31.519093021440007,1.024520216607119e-10,0
0.3333333333333333,31.678586910388756,8.989978984921751e-11,0
0.3333333333333333,31.838887875245263,7.882240725442205e-11,0
0.3333333333333333,32.0,6.905446956643524e-11,0
